id;tournament_id;round_number;round_type;bracket_type;match_number;team_a_id;team_b_id;score_a;score_b;winner_id;best_of;games;games_won_a;games_won_b;source_a;source_b;dest_winner;dest_loser;is_bye;display_order;status;live_referee_id;court_number;start_time;created_at;updated_at
c6a3ccac-897e-4b2d-9d11-0b2104457a10;4082d0aa-3c84-4029-b64c-6982c94aa3e2;1;winner_r1;winner;1;5286b769-d790-4979-be8b-a5a7adb0036f;d7229b73-b80e-4aff-84a5-c3bfbf4a311f;0;0;;1;[];0;0;"{""team_id"":""5286b769-d790-4979-be8b-a5a7adb0036f"",""type"":""team""}";"{""team_id"":""d7229b73-b80e-4aff-84a5-c3bfbf4a311f"",""type"":""team""}";;;false;0;pending;;;;2026-01-29 05:31:52.144569+00;2026-01-29 05:31:52.144569+00
30575281-6787-4253-a994-b9e6e6c3b403;4082d0aa-3c84-4029-b64c-6982c94aa3e2;1;winner_r1;winner;2;992b43b3-a4e2-4f92-a9e5-1caa455b5c66;3ccfcd31-f482-47d7-9c8a-3efc43746052;0;0;;1;[];0;0;"{""team_id"":""992b43b3-a4e2-4f92-a9e5-1caa455b5c66"",""type"":""team""}";"{""team_id"":""3ccfcd31-f482-47d7-9c8a-3efc43746052"",""type"":""team""}";;;false;1;pending;;;;2026-01-29 05:31:52.144569+00;2026-01-29 05:31:52.144569+00
3b75555c-3465-4bfc-aa42-b7b7e370192a;4082d0aa-3c84-4029-b64c-6982c94aa3e2;1;winner_r1;winner;4;823b25ba-9153-4c4b-bb16-5275a39dd59f;f3b45593-08fc-4e6f-a4fe-180a9cf485e4;0;0;;1;[];0;0;"{""team_id"":""823b25ba-9153-4c4b-bb16-5275a39dd59f"",""type"":""team""}";"{""team_id"":""f3b45593-08fc-4e6f-a4fe-180a9cf485e4"",""type"":""team""}";;;false;3;pending;;;;2026-01-29 05:31:52.144569+00;2026-01-29 05:31:52.144569+00
2a5145d8-5405-4fe6-a5c7-225684deca32;4082d0aa-3c84-4029-b64c-6982c94aa3e2;1;winner_r1;winner;5;8a1700d2-c836-40dd-9860-38fd0c313553;d7bfe314-c770-4728-ac63-f36cd87f4bca;0;0;;1;[];0;0;"{""team_id"":""8a1700d2-c836-40dd-9860-38fd0c313553"",""type"":""team""}";"{""team_id"":""d7bfe314-c770-4728-ac63-f36cd87f4bca"",""type"":""team""}";;;false;4;pending;;;;2026-01-29 05:31:52.144569+00;2026-01-29 05:31:52.144569+00
6654acd9-c95c-4b17-bf38-018f8b3f6e45;4082d0aa-3c84-4029-b64c-6982c94aa3e2;1;winner_r1;winner;6;586496e4-101c-4292-95ed-c228dd835d58;82a98413-455c-43a1-ab03-380c801bd7a2;0;0;;1;[];0;0;"{""team_id"":""586496e4-101c-4292-95ed-c228dd835d58"",""type"":""team""}";"{""team_id"":""82a98413-455c-43a1-ab03-380c801bd7a2"",""type"":""team""}";;;false;5;pending;;;;2026-01-29 05:31:52.144569+00;2026-01-29 05:31:52.144569+00
b529045a-ecba-4345-98b1-70751fb874ab;4082d0aa-3c84-4029-b64c-6982c94aa3e2;1;winner_r1;winner;7;dadf8286-01e7-4261-9c6f-1057092b4696;cdea6321-4862-4c93-8039-ca5908ad6112;0;0;;1;[];0;0;"{""team_id"":""dadf8286-01e7-4261-9c6f-1057092b4696"",""type"":""team""}";"{""team_id"":""cdea6321-4862-4c93-8039-ca5908ad6112"",""type"":""team""}";;;false;6;pending;;;;2026-01-29 05:31:52.144569+00;2026-01-29 05:31:52.144569+00
fed46405-34c5-4f10-b0d3-143f533a45b3;4082d0aa-3c84-4029-b64c-6982c94aa3e2;1;winner_r1;winner;8;e98cfaea-8a6b-4a7a-bb0d-ccb48122a006;203f143d-9bb6-47eb-97c6-8aa31dbbdc1e;0;0;;1;[];0;0;"{""team_id"":""e98cfaea-8a6b-4a7a-bb0d-ccb48122a006"",""type"":""team""}";"{""team_id"":""203f143d-9bb6-47eb-97c6-8aa31dbbdc1e"",""type"":""team""}";;;false;7;pending;;;;2026-01-29 05:31:52.144569+00;2026-01-29 05:31:52.144569+00
74728bf5-9658-41e0-9a2c-b541b961b274;4082d0aa-3c84-4029-b64c-6982c94aa3e2;1;winner_r1;winner;9;37794068-4a4f-495c-b392-a1810a261e29;63d7f206-1957-4405-aefb-76b32d5d0f15;0;0;;1;[];0;0;"{""team_id"":""37794068-4a4f-495c-b392-a1810a261e29"",""type"":""team""}";"{""team_id"":""63d7f206-1957-4405-aefb-76b32d5d0f15"",""type"":""team""}";;;false;8;pending;;;;2026-01-29 05:31:52.144569+00;2026-01-29 05:31:52.144569+00
8fe6785d-1eda-4b0c-a4ee-d44413dd757f;4082d0aa-3c84-4029-b64c-6982c94aa3e2;1;winner_r1;winner;10;b8fb569f-24d3-47b4-bb34-204950e9e94a;cd083fcd-e871-4083-b3c4-53cc0b66e8f5;0;0;;1;[];0;0;"{""team_id"":""b8fb569f-24d3-47b4-bb34-204950e9e94a"",""type"":""team""}";"{""team_id"":""cd083fcd-e871-4083-b3c4-53cc0b66e8f5"",""type"":""team""}";;;false;9;pending;;;;2026-01-29 05:31:52.144569+00;2026-01-29 05:31:52.144569+00
91c76872-4727-49d0-adb3-f89365aa1193;4082d0aa-3c84-4029-b64c-6982c94aa3e2;1;winner_r1;winner;11;e62fa475-955b-4c58-9642-8752b130881b;20dc2e36-0d74-492b-9c47-91af6efc2152;0;0;;1;[];0;0;"{""team_id"":""e62fa475-955b-4c58-9642-8752b130881b"",""type"":""team""}";"{""team_id"":""20dc2e36-0d74-492b-9c47-91af6efc2152"",""type"":""team""}";;;false;10;pending;;;;2026-01-29 05:31:52.144569+00;2026-01-29 05:31:52.144569+00
0214c31b-4b04-4ecf-b522-1e1e5c0e16b0;4082d0aa-3c84-4029-b64c-6982c94aa3e2;1;winner_r1;winner;12;478cd7a5-7d70-4233-b459-fd767926e9dc;7bc097a7-7274-41ae-9064-557a5bc2cfc5;0;0;;1;[];0;0;"{""team_id"":""478cd7a5-7d70-4233-b459-fd767926e9dc"",""type"":""team""}";"{""team_id"":""7bc097a7-7274-41ae-9064-557a5bc2cfc5"",""type"":""team""}";;;false;11;pending;;;;2026-01-29 05:31:52.144569+00;2026-01-29 05:31:52.144569+00
ad5e1c85-7207-46d8-b308-3c511439dad9;4082d0aa-3c84-4029-b64c-6982c94aa3e2;1;winner_r1;winner;13;9980fa2f-2972-410b-943b-e5c0497c5aca;997b61bd-bd5e-4606-a7ef-08fc5d9ae6c8;0;0;;1;[];0;0;"{""team_id"":""9980fa2f-2972-410b-943b-e5c0497c5aca"",""type"":""team""}";"{""team_id"":""997b61bd-bd5e-4606-a7ef-08fc5d9ae6c8"",""type"":""team""}";;;false;12;pending;;;;2026-01-29 05:31:52.144569+00;2026-01-29 05:31:52.144569+00
0fe17288-06f3-4631-b1a7-32fd7c516315;4082d0aa-3c84-4029-b64c-6982c94aa3e2;1;winner_r1;winner;14;0e52ff42-04b6-4078-b4b9-4f55bd96837b;7d0cc6ce-0c00-4757-9104-151616293f8d;0;0;;1;[];0;0;"{""team_id"":""0e52ff42-04b6-4078-b4b9-4f55bd96837b"",""type"":""team""}";"{""team_id"":""7d0cc6ce-0c00-4757-9104-151616293f8d"",""type"":""team""}";;;false;13;pending;;;;2026-01-29 05:31:52.144569+00;2026-01-29 05:31:52.144569+00
512d7f3b-dd6d-4743-b6dc-280e08313a3a;4082d0aa-3c84-4029-b64c-6982c94aa3e2;1;winner_r1;winner;15;f2e12fa5-75e1-4045-8917-250ed07775f2;a0084bff-ff0e-4356-9921-58743e23b05d;0;0;;1;[];0;0;"{""team_id"":""f2e12fa5-75e1-4045-8917-250ed07775f2"",""type"":""team""}";"{""team_id"":""a0084bff-ff0e-4356-9921-58743e23b05d"",""type"":""team""}";;;false;14;pending;;;;2026-01-29 05:31:52.144569+00;2026-01-29 05:31:52.144569+00
845cdb25-297e-469f-a511-ffd7b86f02f6;4082d0aa-3c84-4029-b64c-6982c94aa3e2;1;winner_r1;winner;16;32558483-df74-4ed5-8ce5-0335dc7a0a50;fcc02f8e-7fdf-4653-ae77-1026161f4598;0;0;;1;[];0;0;"{""team_id"":""32558483-df74-4ed5-8ce5-0335dc7a0a50"",""type"":""team""}";"{""team_id"":""fcc02f8e-7fdf-4653-ae77-1026161f4598"",""type"":""team""}";;;false;15;pending;;;;2026-01-29 05:31:52.144569+00;2026-01-29 05:31:52.144569+00
5f85c5ea-47ff-4d3f-ae05-2ed9e482e0dd;4082d0aa-3c84-4029-b64c-6982c94aa3e2;2;loser_r2;loser;1;;;0;0;;1;[];0;0;"{""match_index"":10,""type"":""loser_of""}";"{""match_index"":13,""type"":""loser_of""}";;"{""type"":""ELIMINATED""}";false;16;pending;;;;2026-01-29 05:31:52.144569+00;2026-01-29 05:31:52.144569+00
2fa87cc7-7d32-4456-8bb2-f8b450ac9563;4082d0aa-3c84-4029-b64c-6982c94aa3e2;2;loser_r2;loser;2;;;0;0;;1;[];0;0;"{""match_index"":0,""type"":""loser_of""}";"{""match_index"":14,""type"":""loser_of""}";;"{""type"":""ELIMINATED""}";false;17;pending;;;;2026-01-29 05:31:52.144569+00;2026-01-29 05:31:52.144569+00
86c2ea2f-c3b2-4b1a-9715-c9409a50502d;4082d0aa-3c84-4029-b64c-6982c94aa3e2;2;loser_r2;loser;3;;;0;0;;1;[];0;0;"{""match_index"":9,""type"":""loser_of""}";"{""match_index"":4,""type"":""loser_of""}";;"{""type"":""ELIMINATED""}";false;18;pending;;;;2026-01-29 05:31:52.144569+00;2026-01-29 05:31:52.144569+00
72e7e3bc-1ef1-43ea-a1b5-dd5aa2225a0a;4082d0aa-3c84-4029-b64c-6982c94aa3e2;2;loser_r2;loser;4;;;0;0;;1;[];0;0;"{""match_index"":1,""type"":""loser_of""}";"{""match_index"":7,""type"":""loser_of""}";;"{""type"":""ELIMINATED""}";false;19;pending;;;;2026-01-29 05:31:52.144569+00;2026-01-29 05:31:52.144569+00
34ac0ddd-7e22-46bf-8bd3-4e7d1536b0bd;4082d0aa-3c84-4029-b64c-6982c94aa3e2;2;loser_r2;loser;5;;;0;0;;1;[];0;0;"{""match_index"":11,""type"":""loser_of""}";"{""match_index"":3,""type"":""loser_of""}";;"{""type"":""ELIMINATED""}";false;20;pending;;;;2026-01-29 05:31:52.144569+00;2026-01-29 05:31:52.144569+00
ff1f6779-e93d-41eb-83a9-881b34079c94;4082d0aa-3c84-4029-b64c-6982c94aa3e2;2;loser_r2;loser;6;;;0;0;;1;[];0;0;"{""match_index"":5,""type"":""loser_of""}";"{""match_index"":8,""type"":""loser_of""}";;"{""type"":""ELIMINATED""}";false;21;pending;;;;2026-01-29 05:31:52.144569+00;2026-01-29 05:31:52.144569+00
2676b567-af57-4eee-b54a-45f3988da77d;4082d0aa-3c84-4029-b64c-6982c94aa3e2;2;loser_r2;loser;7;;;0;0;;1;[];0;0;"{""match_index"":12,""type"":""loser_of""}";"{""match_index"":2,""type"":""loser_of""}";;"{""type"":""ELIMINATED""}";false;22;pending;;;;2026-01-29 05:31:52.144569+00;2026-01-29 05:31:52.144569+00
bb693cfb-1560-408b-a5df-838eb1d2041a;4082d0aa-3c84-4029-b64c-6982c94aa3e2;2;loser_r2;loser;8;;;0;0;;1;[];0;0;"{""match_index"":6,""type"":""loser_of""}";"{""match_index"":15,""type"":""loser_of""}";;"{""type"":""ELIMINATED""}";false;23;pending;;;;2026-01-29 05:31:52.144569+00;2026-01-29 05:31:52.144569+00
456787f5-dd14-424e-91f5-5ce96824b4f9;4082d0aa-3c84-4029-b64c-6982c94aa3e2;3;merge_r3;merged;1;;;0;0;;1;[];0;0;"{""match_index"":0,""round"":1,""type"":""winner_of""}";"{""match_index"":0,""round"":2,""type"":""winner_of""}";;"{""type"":""ELIMINATED""}";false;24;pending;;;;2026-01-29 05:31:52.144569+00;2026-01-29 05:31:52.144569+00
29a58894-9bd2-4213-bff3-17c02d6d5c97;4082d0aa-3c84-4029-b64c-6982c94aa3e2;3;merge_r3;merged;2;;;0;0;;1;[];0;0;"{""match_index"":1,""round"":1,""type"":""winner_of""}";"{""match_index"":1,""round"":2,""type"":""winner_of""}";;"{""type"":""ELIMINATED""}";false;25;pending;;;;2026-01-29 05:31:52.144569+00;2026-01-29 05:31:52.144569+00
371dcc4b-4879-465a-b35c-b7e61febcb1c;4082d0aa-3c84-4029-b64c-6982c94aa3e2;3;merge_r3;merged;3;;;0;0;;1;[];0;0;"{""match_index"":2,""round"":1,""type"":""winner_of""}";"{""match_index"":2,""round"":2,""type"":""winner_of""}";;"{""type"":""ELIMINATED""}";false;26;pending;;;;2026-01-29 05:31:52.144569+00;2026-01-29 05:31:52.144569+00
c54b5f14-06d1-440a-8c71-c587ca56b3e2;4082d0aa-3c84-4029-b64c-6982c94aa3e2;3;merge_r3;merged;4;;;0;0;;1;[];0;0;"{""match_index"":3,""round"":1,""type"":""winner_of""}";"{""match_index"":3,""round"":2,""type"":""winner_of""}";;"{""type"":""ELIMINATED""}";false;27;pending;;;;2026-01-29 05:31:52.144569+00;2026-01-29 05:31:52.144569+00
81b58e42-9a68-4a04-8313-86b085a1266b;4082d0aa-3c84-4029-b64c-6982c94aa3e2;3;merge_r3;merged;5;;;0;0;;1;[];0;0;"{""match_index"":4,""round"":1,""type"":""winner_of""}";"{""match_index"":4,""round"":2,""type"":""winner_of""}";;"{""type"":""ELIMINATED""}";false;28;pending;;;;2026-01-29 05:31:52.144569+00;2026-01-29 05:31:52.144569+00
cff7a728-c9ea-46a0-a0a6-8f088a5e50c9;4082d0aa-3c84-4029-b64c-6982c94aa3e2;3;merge_r3;merged;6;;;0;0;;1;[];0;0;"{""match_index"":5,""round"":1,""type"":""winner_of""}";"{""match_index"":5,""round"":2,""type"":""winner_of""}";;"{""type"":""ELIMINATED""}";false;29;pending;;;;2026-01-29 05:31:52.144569+00;2026-01-29 05:31:52.144569+00
c341ee38-6e01-46b8-b89b-427e9c56da6b;4082d0aa-3c84-4029-b64c-6982c94aa3e2;3;merge_r3;merged;7;;;0;0;;1;[];0;0;"{""match_index"":6,""round"":1,""type"":""winner_of""}";"{""match_index"":6,""round"":2,""type"":""winner_of""}";;"{""type"":""ELIMINATED""}";false;30;pending;;;;2026-01-29 05:31:52.144569+00;2026-01-29 05:31:52.144569+00
26582709-2d6f-4468-9366-8a760c3c4930;4082d0aa-3c84-4029-b64c-6982c94aa3e2;3;merge_r3;merged;8;;;0;0;;1;[];0;0;"{""match_index"":7,""round"":1,""type"":""winner_of""}";"{""match_index"":7,""round"":2,""type"":""winner_of""}";;"{""type"":""ELIMINATED""}";false;31;pending;;;;2026-01-29 05:31:52.144569+00;2026-01-29 05:31:52.144569+00
59973bd4-e4ce-4dc5-8657-31d6dfd6baa2;4082d0aa-3c84-4029-b64c-6982c94aa3e2;1;winner_r1;winner;3;1de966ee-a85a-44ef-ade6-ae5fd61e7230;c7128439-8054-4481-ab0d-7d6a8c782245;5;7;c7128439-8054-4481-ab0d-7d6a8c782245;1;[];0;0;"{""team_id"":""1de966ee-a85a-44ef-ade6-ae5fd61e7230"",""type"":""team""}";"{""team_id"":""c7128439-8054-4481-ab0d-7d6a8c782245"",""type"":""team""}";;;false;2;completed;;;;2026-01-29 05:31:52.144569+00;2026-01-29 05:33:09.991087+00
39cae030-d624-497f-98f4-fab22a255b87;b35ff087-54ab-462b-808d-6af342098f17;5;elimination;single;1;d1e21153-8736-42ee-83a7-d9c39569d58b;2e33253e-7b82-4283-8794-00e819140327;0;0;;1;[];0;0;"{""match_index"":0,""round"":4,""type"":""winner_of""}";"{""match_index"":1,""round"":4,""type"":""winner_of""}";;"{""type"":""ELIMINATED""}";false;68;pending;;;;2026-01-22 12:17:27.438989+00;2026-02-24 02:27:49.185632+00
e8832be2-0635-4db3-8545-c559115cf50d;4ddc016c-101f-4bb1-a20b-1012abc15ead;1;winner_r1;winner;2;e2c9bbd0-057c-456c-a2e6-965c2e3404dd;01ccbc1a-b2eb-4f86-97de-51da30ccc749;2;11;01ccbc1a-b2eb-4f86-97de-51da30ccc749;1;[];0;0;"{""team_id"":""e2c9bbd0-057c-456c-a2e6-965c2e3404dd"",""type"":""team""}";"{""team_id"":""01ccbc1a-b2eb-4f86-97de-51da30ccc749"",""type"":""team""}";;;false;1;completed;;2;08:00;2026-01-22 08:59:44.16323+00;2026-01-22 09:00:19.753326+00
f61fed25-88ec-43c2-b9be-c29761879f43;4ddc016c-101f-4bb1-a20b-1012abc15ead;1;winner_r1;winner;3;a59085e9-0618-4ce6-9ba6-4c94e717f727;793755c9-8d2a-469c-bf80-359eeab9f014;1;11;793755c9-8d2a-469c-bf80-359eeab9f014;1;[];0;0;"{""team_id"":""a59085e9-0618-4ce6-9ba6-4c94e717f727"",""type"":""team""}";"{""team_id"":""793755c9-8d2a-469c-bf80-359eeab9f014"",""type"":""team""}";;;false;2;completed;;3;08:00;2026-01-22 08:59:44.16323+00;2026-01-22 09:00:26.590465+00
25f2a063-5d20-4c1d-80e0-f5423f027455;4ddc016c-101f-4bb1-a20b-1012abc15ead;1;winner_r1;winner;4;3cdf33a8-2be9-4cc7-9ecc-033272ba500e;1a5fc120-a7e1-4eb9-87da-ce70aa28c633;6;11;1a5fc120-a7e1-4eb9-87da-ce70aa28c633;1;[];0;0;"{""team_id"":""3cdf33a8-2be9-4cc7-9ecc-033272ba500e"",""type"":""team""}";"{""team_id"":""1a5fc120-a7e1-4eb9-87da-ce70aa28c633"",""type"":""team""}";;;false;3;completed;;4;08:00;2026-01-22 08:59:44.16323+00;2026-01-22 09:00:32.900794+00
fd633bfa-f940-4232-8502-57fc788557b4;4ddc016c-101f-4bb1-a20b-1012abc15ead;1;winner_r1;winner;5;b375dff9-596d-4793-a43e-b3a13bc9865b;522f0673-f884-4d6f-a3fa-ad8c1ea13c77;3;11;522f0673-f884-4d6f-a3fa-ad8c1ea13c77;1;[];0;0;"{""team_id"":""b375dff9-596d-4793-a43e-b3a13bc9865b"",""type"":""team""}";"{""team_id"":""522f0673-f884-4d6f-a3fa-ad8c1ea13c77"",""type"":""team""}";;;false;4;completed;;5;08:00;2026-01-22 08:59:44.16323+00;2026-01-22 09:00:37.631989+00
6e25977b-6e9e-4c93-a6ff-ac2bd6556c1e;4ddc016c-101f-4bb1-a20b-1012abc15ead;1;winner_r1;winner;9;7c0bfc84-c504-4d96-8696-30d82d8f6c9c;6c01a815-b0e5-46bf-961c-cd539a23139f;11;5;7c0bfc84-c504-4d96-8696-30d82d8f6c9c;1;[];0;0;"{""team_id"":""7c0bfc84-c504-4d96-8696-30d82d8f6c9c"",""type"":""team""}";"{""team_id"":""6c01a815-b0e5-46bf-961c-cd539a23139f"",""type"":""team""}";;;false;8;completed;;3;08:20;2026-01-22 08:59:44.16323+00;2026-01-22 09:00:58.572542+00
150f0c6b-8606-4f03-be95-6bae44e7dd7f;4ddc016c-101f-4bb1-a20b-1012abc15ead;2;loser_r2;loser;8;d384eb7c-e28f-4495-a315-ba7ace72db06;9d9914af-6825-4193-b06a-e3861ea824f8;11;5;d384eb7c-e28f-4495-a315-ba7ace72db06;1;[];0;0;"{""match_index"":11,""type"":""loser_of""}";"{""match_index"":10,""type"":""loser_of""}";;"{""type"":""ELIMINATED""}";false;25;completed;;2;09:20;2026-01-22 08:59:44.16323+00;2026-01-22 09:06:58.924149+00
7223226b-3582-4754-957a-4542873672d0;4ddc016c-101f-4bb1-a20b-1012abc15ead;1;winner_r1;winner;11;9a09dc3a-88eb-4efa-af47-d463dba148de;9d9914af-6825-4193-b06a-e3861ea824f8;11;4;9a09dc3a-88eb-4efa-af47-d463dba148de;1;[];0;0;"{""team_id"":""9a09dc3a-88eb-4efa-af47-d463dba148de"",""type"":""team""}";"{""team_id"":""9d9914af-6825-4193-b06a-e3861ea824f8"",""type"":""team""}";;;false;10;completed;;5;08:20;2026-01-22 08:59:44.16323+00;2026-01-22 09:01:15.569563+00
c98e528e-2147-42e7-9279-bf1b65e36a25;4ddc016c-101f-4bb1-a20b-1012abc15ead;1;winner_r1;winner;17;4e87418b-2edb-404b-b5a2-539a9fb9e656;208b1f15-f64f-44d8-aab9-0adf53d2ec4e;0;11;208b1f15-f64f-44d8-aab9-0adf53d2ec4e;1;[];0;0;"{""team_id"":""4e87418b-2edb-404b-b5a2-539a9fb9e656"",""type"":""team""}";"{""team_id"":""208b1f15-f64f-44d8-aab9-0adf53d2ec4e"",""type"":""team""}";;;false;16;completed;;5;08:40;2026-01-22 08:59:44.16323+00;2026-01-22 09:02:50.642651+00
8ae9a3c0-0b2c-417e-b0ac-0d7e0305e2aa;4ddc016c-101f-4bb1-a20b-1012abc15ead;1;winner_r1;winner;6;23977e3e-edf9-4ca9-a7df-fac4a6bec33e;bb69f0d4-4aa2-49ff-b419-509a2fc5343a;11;6;23977e3e-edf9-4ca9-a7df-fac4a6bec33e;1;[];0;0;"{""team_id"":""23977e3e-edf9-4ca9-a7df-fac4a6bec33e"",""type"":""team""}";"{""team_id"":""bb69f0d4-4aa2-49ff-b419-509a2fc5343a"",""type"":""team""}";;;false;5;completed;;6;08:00;2026-01-22 08:59:44.16323+00;2026-01-22 09:00:41.846839+00
50b8137a-5891-4b8f-a9fa-de127f4e0117;4ddc016c-101f-4bb1-a20b-1012abc15ead;1;winner_r1;winner;8;1dc96e98-11c8-44e3-abe3-2f655eb0bc10;83cf45c6-a583-4a51-bc18-548320f76679;11;0;1dc96e98-11c8-44e3-abe3-2f655eb0bc10;1;[];0;0;"{""team_id"":""1dc96e98-11c8-44e3-abe3-2f655eb0bc10"",""type"":""team""}";"{""team_id"":""83cf45c6-a583-4a51-bc18-548320f76679"",""type"":""team""}";;;false;7;completed;;2;08:20;2026-01-22 08:59:44.16323+00;2026-01-22 09:00:53.502154+00
8c160515-cced-42d1-af8d-f7b06dfa59f0;4ddc016c-101f-4bb1-a20b-1012abc15ead;1;winner_r1;winner;7;e7b04b68-19cf-4db5-a358-6e00d792dd3e;294bc8a7-b207-417b-86b3-6b0ddf56ab9c;6;11;294bc8a7-b207-417b-86b3-6b0ddf56ab9c;1;[];0;0;"{""team_id"":""e7b04b68-19cf-4db5-a358-6e00d792dd3e"",""type"":""team""}";"{""team_id"":""294bc8a7-b207-417b-86b3-6b0ddf56ab9c"",""type"":""team""}";;;false;6;completed;;1;08:20;2026-01-22 08:59:44.16323+00;2026-01-22 09:00:47.021829+00
a3b5b1bb-e317-43c9-a20a-18ab4dc7fd90;4ddc016c-101f-4bb1-a20b-1012abc15ead;2;loser_r2;loser;5;b375dff9-596d-4793-a43e-b3a13bc9865b;820d7a69-36be-4916-823d-d4605d165cf7;3;11;820d7a69-36be-4916-823d-d4605d165cf7;1;[];0;0;"{""match_index"":4,""type"":""loser_of""}";"{""match_index"":15,""type"":""loser_of""}";;"{""type"":""ELIMINATED""}";false;22;completed;;5;09:00;2026-01-22 08:59:44.16323+00;2026-01-22 09:06:43.821118+00
31366735-22c8-4dcd-9c4f-c5ded210c2ea;4ddc016c-101f-4bb1-a20b-1012abc15ead;2;loser_r2;loser;2;a59085e9-0618-4ce6-9ba6-4c94e717f727;6c01a815-b0e5-46bf-961c-cd539a23139f;7;11;6c01a815-b0e5-46bf-961c-cd539a23139f;1;[];0;0;"{""match_index"":2,""type"":""loser_of""}";"{""match_index"":8,""type"":""loser_of""}";;"{""type"":""ELIMINATED""}";false;19;completed;;2;09:00;2026-01-22 08:59:44.16323+00;2026-01-22 09:06:30.086486+00
ccd546cb-d535-4505-91bf-c198e7fad872;4ddc016c-101f-4bb1-a20b-1012abc15ead;2;loser_r2;loser;3;e7b04b68-19cf-4db5-a358-6e00d792dd3e;bb69f0d4-4aa2-49ff-b419-509a2fc5343a;11;5;e7b04b68-19cf-4db5-a358-6e00d792dd3e;1;[];0;0;"{""match_index"":6,""type"":""loser_of""}";"{""match_index"":5,""type"":""loser_of""}";;"{""type"":""ELIMINATED""}";false;20;completed;;3;09:00;2026-01-22 08:59:44.16323+00;2026-01-22 09:06:34.318448+00
7eeca4b7-9e61-4abd-a077-28987fbf9ef7;4ddc016c-101f-4bb1-a20b-1012abc15ead;1;winner_r1;winner;13;d456c44c-3b5e-46f0-bcf4-dc6fe0627c01;d68b920b-dde0-4bf9-8383-10df732e56cf;11;5;d456c44c-3b5e-46f0-bcf4-dc6fe0627c01;1;[];0;0;"{""team_id"":""d456c44c-3b5e-46f0-bcf4-dc6fe0627c01"",""type"":""team""}";"{""team_id"":""d68b920b-dde0-4bf9-8383-10df732e56cf"",""type"":""team""}";;;false;12;completed;;1;08:40;2026-01-22 08:59:44.16323+00;2026-01-22 09:01:25.808094+00
f83b186c-ea11-45e8-82ca-ded2d54700db;4ddc016c-101f-4bb1-a20b-1012abc15ead;1;winner_r1;winner;12;d384eb7c-e28f-4495-a315-ba7ace72db06;c09681ed-9d08-4206-86de-fd2f704fd201;5;11;c09681ed-9d08-4206-86de-fd2f704fd201;1;[];0;0;"{""team_id"":""d384eb7c-e28f-4495-a315-ba7ace72db06"",""type"":""team""}";"{""team_id"":""c09681ed-9d08-4206-86de-fd2f704fd201"",""type"":""team""}";;;false;11;completed;;6;08:20;2026-01-22 08:59:44.16323+00;2026-01-22 09:01:20.06946+00
b5b69e0c-de22-4f2d-98b5-5da63b2a76e8;4ddc016c-101f-4bb1-a20b-1012abc15ead;2;loser_r2;loser;9;d68b920b-dde0-4bf9-8383-10df732e56cf;6c837ba1-e75a-490c-935a-960b7097f78e;11;0;d68b920b-dde0-4bf9-8383-10df732e56cf;1;[];0;0;"{""match_index"":12,""type"":""loser_of""}";"{""match_index"":13,""type"":""loser_of""}";;"{""type"":""ELIMINATED""}";false;26;completed;;3;09:20;2026-01-22 08:59:44.16323+00;2026-01-22 09:07:03.706458+00
e226f71f-d9a5-4065-b864-89f5d3ece048;4ddc016c-101f-4bb1-a20b-1012abc15ead;1;winner_r1;winner;15;4a67509f-e994-4d2a-a0e3-01b87ec03177;b4c78214-bb54-4c0d-9bdc-f3b4b4ae1b5a;6;11;b4c78214-bb54-4c0d-9bdc-f3b4b4ae1b5a;1;[];0;0;"{""team_id"":""4a67509f-e994-4d2a-a0e3-01b87ec03177"",""type"":""team""}";"{""team_id"":""b4c78214-bb54-4c0d-9bdc-f3b4b4ae1b5a"",""type"":""team""}";;;false;14;completed;;3;08:40;2026-01-22 08:59:44.16323+00;2026-01-22 09:02:41.838499+00
7ae560c2-d7d5-4af6-b0e7-bae52f408e07;4ddc016c-101f-4bb1-a20b-1012abc15ead;1;winner_r1;winner;14;ded826fb-dd31-49cd-a884-38d4967f7a02;6c837ba1-e75a-490c-935a-960b7097f78e;11;0;ded826fb-dd31-49cd-a884-38d4967f7a02;1;[];0;0;"{""team_id"":""ded826fb-dd31-49cd-a884-38d4967f7a02"",""type"":""team""}";"{""team_id"":""6c837ba1-e75a-490c-935a-960b7097f78e"",""type"":""team""}";;;false;13;completed;;2;08:40;2026-01-22 08:59:44.16323+00;2026-01-22 09:02:35.049857+00
a9fe4bbb-0f50-4b86-997c-27cd4ae88ba1;4ddc016c-101f-4bb1-a20b-1012abc15ead;3;merge_r3;merged;2;7c0bfc84-c504-4d96-8696-30d82d8f6c9c;522f0673-f884-4d6f-a3fa-ad8c1ea13c77;0;10;522f0673-f884-4d6f-a3fa-ad8c1ea13c77;1;[];0;0;"{""match_index"":1,""round"":1,""type"":""winner_of""}";"{""match_index"":1,""round"":2,""type"":""winner_of""}";;"{""type"":""ELIMINATED""}";false;28;completed;;2;16:22;2026-01-22 08:59:44.16323+00;2026-01-22 09:07:57.485916+00
32508b4b-e5e3-43d8-9df7-659febf184cd;4ddc016c-101f-4bb1-a20b-1012abc15ead;2;loser_r2;loser;1;83cf45c6-a583-4a51-bc18-548320f76679;e2c9bbd0-057c-456c-a2e6-965c2e3404dd;11;5;83cf45c6-a583-4a51-bc18-548320f76679;1;[];0;0;"{""match_index"":7,""type"":""loser_of""}";"{""match_index"":1,""type"":""loser_of""}";;"{""type"":""ELIMINATED""}";false;18;completed;;1;09:00;2026-01-22 08:59:44.16323+00;2026-01-22 09:06:23.373775+00
77c4c196-69ef-4f3c-a913-2dc7eb75de83;4ddc016c-101f-4bb1-a20b-1012abc15ead;1;winner_r1;winner;16;570879d3-5f09-4743-8892-34ba72b572d4;820d7a69-36be-4916-823d-d4605d165cf7;11;5;570879d3-5f09-4743-8892-34ba72b572d4;1;[];0;0;"{""team_id"":""570879d3-5f09-4743-8892-34ba72b572d4"",""type"":""team""}";"{""team_id"":""820d7a69-36be-4916-823d-d4605d165cf7"",""type"":""team""}";;;false;15;completed;;4;08:40;2026-01-22 08:59:44.16323+00;2026-01-22 09:02:47.493845+00
211d7011-99da-4f6e-b76a-b0306aba5939;4ddc016c-101f-4bb1-a20b-1012abc15ead;2;loser_r2;loser;7;91ba8aae-779f-48bd-bec7-f86b849e4549;3cdf33a8-2be9-4cc7-9ecc-033272ba500e;11;5;91ba8aae-779f-48bd-bec7-f86b849e4549;1;[];0;0;"{""match_index"":9,""type"":""loser_of""}";"{""match_index"":3,""type"":""loser_of""}";;"{""type"":""ELIMINATED""}";false;24;completed;;1;09:20;2026-01-22 08:59:44.16323+00;2026-01-22 09:06:52.814863+00
dcfed00a-11bb-43f2-89d6-8d909969f1d2;4ddc016c-101f-4bb1-a20b-1012abc15ead;1;winner_r1;winner;18;57564473-d774-4185-ab43-8e09942a6caa;efd1d7ca-a715-4243-a914-b2f62c0a0037;11;6;57564473-d774-4185-ab43-8e09942a6caa;1;[];0;0;"{""team_id"":""57564473-d774-4185-ab43-8e09942a6caa"",""type"":""team""}";"{""team_id"":""efd1d7ca-a715-4243-a914-b2f62c0a0037"",""type"":""team""}";;;false;17;completed;;6;08:40;2026-01-22 08:59:44.16323+00;2026-01-22 09:02:54.827518+00
70b54819-dd92-4633-91b1-3061aff8b2d7;4ddc016c-101f-4bb1-a20b-1012abc15ead;3;merge_r3;merged;1;01ccbc1a-b2eb-4f86-97de-51da30ccc749;820d7a69-36be-4916-823d-d4605d165cf7;11;5;01ccbc1a-b2eb-4f86-97de-51da30ccc749;1;[];0;0;"{""match_index"":0,""round"":1,""type"":""winner_of""}";"{""match_index"":0,""round"":2,""type"":""winner_of""}";;"{""type"":""ELIMINATED""}";false;27;completed;;1;16:22;2026-01-22 08:59:44.16323+00;2026-01-22 09:07:40.954413+00
a9e09b6f-b804-4dd3-bf47-b7015c87f5b3;4ddc016c-101f-4bb1-a20b-1012abc15ead;1;winner_r1;winner;1;835dafea-9820-4a6a-882c-17d31b437d31;6914903d-e699-489a-80f1-7a7e3b5bb07c;11;5;835dafea-9820-4a6a-882c-17d31b437d31;1;[];0;0;"{""team_id"":""835dafea-9820-4a6a-882c-17d31b437d31"",""type"":""team""}";"{""team_id"":""6914903d-e699-489a-80f1-7a7e3b5bb07c"",""type"":""team""}";;;false;0;completed;;1;08:00;2026-01-22 08:59:44.16323+00;2026-01-22 09:00:13.538428+00
385b6eaa-8bbe-4df3-bb9c-ad0ed3312f83;4ddc016c-101f-4bb1-a20b-1012abc15ead;1;winner_r1;winner;10;fdfa5d7b-aa29-4054-bfee-659fb9734ad2;91ba8aae-779f-48bd-bec7-f86b849e4549;11;8;fdfa5d7b-aa29-4054-bfee-659fb9734ad2;1;[];0;0;"{""team_id"":""fdfa5d7b-aa29-4054-bfee-659fb9734ad2"",""type"":""team""}";"{""team_id"":""91ba8aae-779f-48bd-bec7-f86b849e4549"",""type"":""team""}";;;false;9;completed;;4;08:20;2026-01-22 08:59:44.16323+00;2026-01-22 09:01:02.87135+00
fc17fa70-bde8-4a75-a6f1-fa678699db0b;4ddc016c-101f-4bb1-a20b-1012abc15ead;4;elimination;single;1;208b1f15-f64f-44d8-aab9-0adf53d2ec4e;01ccbc1a-b2eb-4f86-97de-51da30ccc749;11;0;208b1f15-f64f-44d8-aab9-0adf53d2ec4e;1;[];0;0;"{""position"":0,""type"":""bracket_position""}";"{""position"":1,""type"":""bracket_position""}";;"{""type"":""ELIMINATED""}";false;38;completed;;1;16:24;2026-01-22 09:09:23.535646+00;2026-01-22 09:17:56.923605+00
c6ce8a02-5a09-4135-81cf-5bac2bf8a624;4ddc016c-101f-4bb1-a20b-1012abc15ead;2;loser_r2;loser;4;efd1d7ca-a715-4243-a914-b2f62c0a0037;4a67509f-e994-4d2a-a0e3-01b87ec03177;11;5;efd1d7ca-a715-4243-a914-b2f62c0a0037;1;[];0;0;"{""match_index"":17,""type"":""loser_of""}";"{""match_index"":14,""type"":""loser_of""}";;"{""type"":""ELIMINATED""}";false;21;completed;;4;09:00;2026-01-22 08:59:44.16323+00;2026-01-22 09:06:38.270982+00
92c349cf-be2a-4c00-9288-49c072827a33;4ddc016c-101f-4bb1-a20b-1012abc15ead;2;loser_r2;loser;6;6914903d-e699-489a-80f1-7a7e3b5bb07c;4e87418b-2edb-404b-b5a2-539a9fb9e656;11;5;6914903d-e699-489a-80f1-7a7e3b5bb07c;1;[];0;0;"{""match_index"":0,""type"":""loser_of""}";"{""match_index"":16,""type"":""loser_of""}";;"{""type"":""ELIMINATED""}";false;23;completed;;6;09:00;2026-01-22 08:59:44.16323+00;2026-01-22 09:06:48.449181+00
0f3025fe-4711-47c5-bac4-7bf45592bba8;4ddc016c-101f-4bb1-a20b-1012abc15ead;3;merge_r3;merged;8;1a5fc120-a7e1-4eb9-87da-ce70aa28c633;e7b04b68-19cf-4db5-a358-6e00d792dd3e;11;0;1a5fc120-a7e1-4eb9-87da-ce70aa28c633;1;[];0;0;"{""match_index"":7,""round"":1,""type"":""winner_of""}";"{""match_index"":7,""round"":2,""type"":""winner_of""}";;"{""type"":""ELIMINATED""}";false;34;completed;;2;16:42;2026-01-22 08:59:44.16323+00;2026-01-22 09:09:04.793454+00
a09e2b47-45ab-4a00-8c78-18ac2cd5e2c1;4ddc016c-101f-4bb1-a20b-1012abc15ead;3;merge_r3;merged;9;d384eb7c-e28f-4495-a315-ba7ace72db06;83cf45c6-a583-4a51-bc18-548320f76679;11;5;d384eb7c-e28f-4495-a315-ba7ace72db06;1;[];0;0;"{""match_index"":8,""round"":1,""type"":""winner_of""}";"{""match_index"":8,""round"":2,""type"":""winner_of""}";;"{""type"":""ELIMINATED""}";false;35;completed;;3;16:42;2026-01-22 08:59:44.16323+00;2026-01-22 09:09:09.805879+00
2b78893b-a64c-4384-8cc2-6c2719944fcc;4ddc016c-101f-4bb1-a20b-1012abc15ead;3;merge_r3;merged;10;c09681ed-9d08-4206-86de-fd2f704fd201;6914903d-e699-489a-80f1-7a7e3b5bb07c;11;0;c09681ed-9d08-4206-86de-fd2f704fd201;1;[];0;0;"{""match_index"":9,""round"":1,""type"":""winner_of""}";"{""match_index"":9,""round"":2,""type"":""winner_of""}";;"{""type"":""ELIMINATED""}";false;36;completed;;4;16:42;2026-01-22 08:59:44.16323+00;2026-01-22 09:09:14.377461+00
5f22b68c-7215-40fe-b0ab-f8296d41a805;4ddc016c-101f-4bb1-a20b-1012abc15ead;3;merge_r3;merged;11;91ba8aae-779f-48bd-bec7-f86b849e4549;23977e3e-edf9-4ca9-a7df-fac4a6bec33e;5;11;23977e3e-edf9-4ca9-a7df-fac4a6bec33e;1;[];0;0;"{""match_index"":10,""round"":1,""type"":""winner_of""}";"{""match_index"":10,""round"":2,""type"":""winner_of""}";;"{""type"":""ELIMINATED""}";false;37;completed;;5;16:42;2026-01-22 08:59:44.16323+00;2026-01-22 09:09:22.252868+00
2b16b59f-b171-46c7-926d-f572e0fdd0a2;4ddc016c-101f-4bb1-a20b-1012abc15ead;4;elimination;single;2;1dc96e98-11c8-44e3-abe3-2f655eb0bc10;6c01a815-b0e5-46bf-961c-cd539a23139f;11;0;1dc96e98-11c8-44e3-abe3-2f655eb0bc10;1;[];0;0;"{""position"":2,""type"":""bracket_position""}";"{""position"":3,""type"":""bracket_position""}";;"{""type"":""ELIMINATED""}";false;39;completed;;2;16:24;2026-01-22 09:09:23.535646+00;2026-01-22 09:18:46.496353+00
7bc202e5-45a8-4f84-8139-e2514213a65b;4ddc016c-101f-4bb1-a20b-1012abc15ead;3;merge_r3;merged;3;6c01a815-b0e5-46bf-961c-cd539a23139f;efd1d7ca-a715-4243-a914-b2f62c0a0037;11;5;6c01a815-b0e5-46bf-961c-cd539a23139f;1;[];0;0;"{""match_index"":2,""round"":1,""type"":""winner_of""}";"{""match_index"":2,""round"":2,""type"":""winner_of""}";;"{""type"":""ELIMINATED""}";false;29;completed;;3;16:22;2026-01-22 08:59:44.16323+00;2026-01-22 09:08:02.80137+00
8eaf2a29-7e5c-49f5-ad54-ca23d4a81d01;4ddc016c-101f-4bb1-a20b-1012abc15ead;3;merge_r3;merged;4;b4c78214-bb54-4c0d-9bdc-f3b4b4ae1b5a;294bc8a7-b207-417b-86b3-6b0ddf56ab9c;11;6;b4c78214-bb54-4c0d-9bdc-f3b4b4ae1b5a;1;[];0;0;"{""match_index"":3,""round"":1,""type"":""winner_of""}";"{""match_index"":3,""round"":2,""type"":""winner_of""}";;"{""type"":""ELIMINATED""}";false;30;completed;;4;16:22;2026-01-22 08:59:44.16323+00;2026-01-22 09:08:11.167975+00
8f24dbfd-cc93-4010-8229-6e00e0fe014f;4ddc016c-101f-4bb1-a20b-1012abc15ead;3;merge_r3;merged;5;9a09dc3a-88eb-4efa-af47-d463dba148de;d456c44c-3b5e-46f0-bcf4-dc6fe0627c01;11;0;9a09dc3a-88eb-4efa-af47-d463dba148de;1;[];0;0;"{""match_index"":4,""round"":1,""type"":""winner_of""}";"{""match_index"":4,""round"":2,""type"":""winner_of""}";;"{""type"":""ELIMINATED""}";false;31;completed;;5;16:22;2026-01-22 08:59:44.16323+00;2026-01-22 09:08:15.786484+00
e6dff5f7-cdc0-46df-a171-d597106d5971;4ddc016c-101f-4bb1-a20b-1012abc15ead;3;merge_r3;merged;6;57564473-d774-4185-ab43-8e09942a6caa;835dafea-9820-4a6a-882c-17d31b437d31;11;0;57564473-d774-4185-ab43-8e09942a6caa;1;[];0;0;"{""match_index"":5,""round"":1,""type"":""winner_of""}";"{""match_index"":5,""round"":2,""type"":""winner_of""}";;"{""type"":""ELIMINATED""}";false;32;completed;;6;16:22;2026-01-22 08:59:44.16323+00;2026-01-22 09:08:55.602715+00
c7b47c32-dca6-470b-b48d-65c957df5125;4ddc016c-101f-4bb1-a20b-1012abc15ead;3;merge_r3;merged;7;570879d3-5f09-4743-8892-34ba72b572d4;fdfa5d7b-aa29-4054-bfee-659fb9734ad2;11;0;570879d3-5f09-4743-8892-34ba72b572d4;1;[];0;0;"{""match_index"":6,""round"":1,""type"":""winner_of""}";"{""match_index"":6,""round"":2,""type"":""winner_of""}";;"{""type"":""ELIMINATED""}";false;33;completed;;1;16:42;2026-01-22 08:59:44.16323+00;2026-01-22 09:09:00.222609+00
3149683a-e53d-4294-9413-8b405f0a37d8;4ddc016c-101f-4bb1-a20b-1012abc15ead;4;elimination;single;3;b4c78214-bb54-4c0d-9bdc-f3b4b4ae1b5a;d384eb7c-e28f-4495-a315-ba7ace72db06;0;7;d384eb7c-e28f-4495-a315-ba7ace72db06;1;[];0;0;"{""position"":4,""type"":""bracket_position""}";"{""position"":5,""type"":""bracket_position""}";;"{""type"":""ELIMINATED""}";false;40;completed;;3;16:24;2026-01-22 09:09:23.535646+00;2026-01-22 09:28:04.652237+00
cc08fc4f-56aa-40bf-9e2e-9ba00bf67186;4ddc016c-101f-4bb1-a20b-1012abc15ead;4;elimination;single;8;9a09dc3a-88eb-4efa-af47-d463dba148de;23977e3e-edf9-4ca9-a7df-fac4a6bec33e;0;11;23977e3e-edf9-4ca9-a7df-fac4a6bec33e;1;[];0;0;"{""position"":14,""type"":""bracket_position""}";"{""position"":15,""type"":""bracket_position""}";;"{""type"":""ELIMINATED""}";false;45;completed;;2;16:44;2026-01-22 09:09:23.535646+00;2026-01-22 09:27:21.666993+00
d124bf3b-205a-43e2-be14-c50d693e48a4;4ddc016c-101f-4bb1-a20b-1012abc15ead;5;quarterfinal;single;4;57564473-d774-4185-ab43-8e09942a6caa;23977e3e-edf9-4ca9-a7df-fac4a6bec33e;1;11;23977e3e-edf9-4ca9-a7df-fac4a6bec33e;1;[];0;0;"{""match_index"":6,""round"":4,""type"":""winner_of""}";"{""match_index"":7,""round"":4,""type"":""winner_of""}";;"{""type"":""ELIMINATED""}";false;49;completed;;;;2026-01-22 09:09:23.535646+00;2026-01-22 09:35:51.598377+00
79ad3df0-a0e4-48d6-ba4a-336ae78efe29;4ddc016c-101f-4bb1-a20b-1012abc15ead;4;elimination;single;4;1a5fc120-a7e1-4eb9-87da-ce70aa28c633;522f0673-f884-4d6f-a3fa-ad8c1ea13c77;11;0;1a5fc120-a7e1-4eb9-87da-ce70aa28c633;1;[];0;0;"{""position"":6,""type"":""bracket_position""}";"{""position"":7,""type"":""bracket_position""}";;"{""type"":""ELIMINATED""}";false;41;completed;;4;16:24;2026-01-22 09:09:23.535646+00;2026-01-22 09:27:04.923948+00
f83a0c1b-01d3-4936-914b-6f353fbdc5e6;4ddc016c-101f-4bb1-a20b-1012abc15ead;4;elimination;single;5;570879d3-5f09-4743-8892-34ba72b572d4;c09681ed-9d08-4206-86de-fd2f704fd201;0;11;c09681ed-9d08-4206-86de-fd2f704fd201;1;[];0;0;"{""position"":8,""type"":""bracket_position""}";"{""position"":9,""type"":""bracket_position""}";;"{""type"":""ELIMINATED""}";false;42;completed;;5;16:24;2026-01-22 09:09:23.535646+00;2026-01-22 09:27:09.581827+00
64cd8be9-fec3-4a91-9aab-0de5045cdf1d;4ddc016c-101f-4bb1-a20b-1012abc15ead;4;elimination;single;6;d68b920b-dde0-4bf9-8383-10df732e56cf;793755c9-8d2a-469c-bf80-359eeab9f014;11;0;d68b920b-dde0-4bf9-8383-10df732e56cf;1;[];0;0;"{""position"":10,""type"":""bracket_position""}";"{""position"":11,""type"":""bracket_position""}";;"{""type"":""ELIMINATED""}";false;43;completed;;6;16:24;2026-01-22 09:09:23.535646+00;2026-01-22 09:27:13.679122+00
a171893a-c52c-48ad-b771-e3c15773d09c;4ddc016c-101f-4bb1-a20b-1012abc15ead;4;elimination;single;7;57564473-d774-4185-ab43-8e09942a6caa;ded826fb-dd31-49cd-a884-38d4967f7a02;11;0;57564473-d774-4185-ab43-8e09942a6caa;1;[];0;0;"{""position"":12,""type"":""bracket_position""}";"{""position"":13,""type"":""bracket_position""}";;"{""type"":""ELIMINATED""}";false;44;completed;;1;16:44;2026-01-22 09:09:23.535646+00;2026-01-22 09:27:18.206468+00
0935a457-e451-4415-b846-be64cc24999a;4ddc016c-101f-4bb1-a20b-1012abc15ead;6;semifinal;single;2;c09681ed-9d08-4206-86de-fd2f704fd201;23977e3e-edf9-4ca9-a7df-fac4a6bec33e;0;0;c09681ed-9d08-4206-86de-fd2f704fd201;3;"[{""game"":1,""score_a"":11,""score_b"":0,""winner"":""a""},{""game"":2,""score_a"":11,""score_b"":0,""winner"":""a""}]";2;0;"{""match_index"":2,""round"":5,""type"":""winner_of""}";"{""match_index"":3,""round"":5,""type"":""winner_of""}";;"{""type"":""ELIMINATED""}";false;51;completed;;;;2026-01-22 09:09:23.535646+00;2026-01-22 09:37:07.599238+00
24844ced-0074-483a-baac-51f263f9809a;4ddc016c-101f-4bb1-a20b-1012abc15ead;5;quarterfinal;single;1;208b1f15-f64f-44d8-aab9-0adf53d2ec4e;1dc96e98-11c8-44e3-abe3-2f655eb0bc10;11;0;208b1f15-f64f-44d8-aab9-0adf53d2ec4e;1;[];0;0;"{""match_index"":0,""round"":4,""type"":""winner_of""}";"{""match_index"":1,""round"":4,""type"":""winner_of""}";;"{""type"":""ELIMINATED""}";false;46;completed;;;;2026-01-22 09:09:23.535646+00;2026-01-22 09:27:45.214611+00
eb850706-188c-4a6e-9cfe-4409824fdb8f;4ddc016c-101f-4bb1-a20b-1012abc15ead;5;quarterfinal;single;3;c09681ed-9d08-4206-86de-fd2f704fd201;d68b920b-dde0-4bf9-8383-10df732e56cf;15;0;c09681ed-9d08-4206-86de-fd2f704fd201;1;[];0;0;"{""match_index"":4,""round"":4,""type"":""winner_of""}";"{""match_index"":5,""round"":4,""type"":""winner_of""}";;"{""type"":""ELIMINATED""}";false;48;completed;;;;2026-01-22 09:09:23.535646+00;2026-01-22 09:35:44.858259+00
986c53a6-7be1-4392-870b-4440014d2ea8;4ddc016c-101f-4bb1-a20b-1012abc15ead;5;quarterfinal;single;2;d384eb7c-e28f-4495-a315-ba7ace72db06;1a5fc120-a7e1-4eb9-87da-ce70aa28c633;11;0;d384eb7c-e28f-4495-a315-ba7ace72db06;1;[];0;0;"{""match_index"":2,""round"":4,""type"":""winner_of""}";"{""match_index"":3,""round"":4,""type"":""winner_of""}";;"{""type"":""ELIMINATED""}";false;47;completed;;;;2026-01-22 09:09:23.535646+00;2026-01-22 09:28:18.330092+00
c352e738-b319-4e50-b5e7-02dbe17523fb;b35ff087-54ab-462b-808d-6af342098f17;1;winner_r1;winner;4;5583a5db-36eb-45c4-9447-888925945e2a;740a2272-9ba4-4114-8988-cb2f3638d517;0;4;740a2272-9ba4-4114-8988-cb2f3638d517;1;[];0;0;"{""team_id"":""5583a5db-36eb-45c4-9447-888925945e2a"",""type"":""team""}";"{""team_id"":""740a2272-9ba4-4114-8988-cb2f3638d517"",""type"":""team""}";;;false;3;completed;;4;08:00;2026-01-22 11:45:24.585819+00;2026-01-22 11:59:37.283845+00
451addad-9a4a-4acc-9b6d-29e93fba22c5;4ddc016c-101f-4bb1-a20b-1012abc15ead;6;semifinal;single;1;208b1f15-f64f-44d8-aab9-0adf53d2ec4e;d384eb7c-e28f-4495-a315-ba7ace72db06;0;0;208b1f15-f64f-44d8-aab9-0adf53d2ec4e;3;"[{""game"":1,""score_a"":6,""score_b"":0,""winner"":""a""},{""game"":2,""score_a"":0,""score_b"":7,""winner"":""b""},{""game"":3,""score_a"":9,""score_b"":5,""winner"":""a""}]";2;1;"{""match_index"":0,""round"":5,""type"":""winner_of""}";"{""match_index"":1,""round"":5,""type"":""winner_of""}";;"{""type"":""ELIMINATED""}";false;50;completed;;;;2026-01-22 09:09:23.535646+00;2026-01-22 09:40:18.701057+00
cf01187a-bdf3-419f-acbb-15dd255d916d;b35ff087-54ab-462b-808d-6af342098f17;1;winner_r1;winner;1;16ebbf8a-a39e-4b51-aa81-eb8190eeb0e7;db26f6b1-9562-4050-8fd4-302002f0d953;0;5;db26f6b1-9562-4050-8fd4-302002f0d953;1;[];0;0;"{""team_id"":""16ebbf8a-a39e-4b51-aa81-eb8190eeb0e7"",""type"":""team""}";"{""team_id"":""db26f6b1-9562-4050-8fd4-302002f0d953"",""type"":""team""}";;;false;0;completed;;1;08:00;2026-01-22 11:45:24.585819+00;2026-01-22 11:54:26.947379+00
a3b12c0b-e9f4-491f-874e-1b8ae0e22f69;b35ff087-54ab-462b-808d-6af342098f17;1;winner_r1;winner;2;7e9df7a3-f313-4ada-87a4-64ade452e747;ea1b591e-9cf8-44ed-a1bf-d45c7ff95347;0;3;ea1b591e-9cf8-44ed-a1bf-d45c7ff95347;1;[];0;0;"{""team_id"":""7e9df7a3-f313-4ada-87a4-64ade452e747"",""type"":""team""}";"{""team_id"":""ea1b591e-9cf8-44ed-a1bf-d45c7ff95347"",""type"":""team""}";;;false;1;completed;;2;08:00;2026-01-22 11:45:24.585819+00;2026-01-22 11:56:40.075355+00
6851d95a-eae9-4434-8083-1d3e7d4edc59;b35ff087-54ab-462b-808d-6af342098f17;1;winner_r1;winner;3;1fc9cf56-762c-42f9-b0a1-d6d63648d3c2;c0ea49c7-b6fe-473c-b4e8-b5c37b102efd;2;5;c0ea49c7-b6fe-473c-b4e8-b5c37b102efd;1;[];0;0;"{""team_id"":""1fc9cf56-762c-42f9-b0a1-d6d63648d3c2"",""type"":""team""}";"{""team_id"":""c0ea49c7-b6fe-473c-b4e8-b5c37b102efd"",""type"":""team""}";;;false;2;completed;;3;08:00;2026-01-22 11:45:24.585819+00;2026-01-22 11:59:11.584839+00
1b999c1e-e331-4b62-8654-8dad80b55cc8;b35ff087-54ab-462b-808d-6af342098f17;1;winner_r1;winner;5;6a4b50d1-5d3e-4fe7-964d-855513974b91;2ca903c0-1fd2-481e-a98a-e423775ad56f;0;4;2ca903c0-1fd2-481e-a98a-e423775ad56f;1;[];0;0;"{""team_id"":""6a4b50d1-5d3e-4fe7-964d-855513974b91"",""type"":""team""}";"{""team_id"":""2ca903c0-1fd2-481e-a98a-e423775ad56f"",""type"":""team""}";;;false;4;completed;;5;08:00;2026-01-22 11:45:24.585819+00;2026-01-22 12:00:08.380812+00
7bbc39e5-6da7-40ef-8cf8-6260ba025e28;b35ff087-54ab-462b-808d-6af342098f17;1;winner_r1;winner;7;6ab2aaad-9a77-477a-abbc-fd1dbb81e1d9;d2a5abbd-81b5-49cd-99b7-927dfb65ef3f;11;0;6ab2aaad-9a77-477a-abbc-fd1dbb81e1d9;1;[];0;0;"{""team_id"":""6ab2aaad-9a77-477a-abbc-fd1dbb81e1d9"",""type"":""team""}";"{""team_id"":""d2a5abbd-81b5-49cd-99b7-927dfb65ef3f"",""type"":""team""}";;;false;6;completed;;7;08:00;2026-01-22 11:45:24.585819+00;2026-01-22 12:00:49.760998+00
2d0107f2-f8a4-4d7d-824e-467fb6fb70e1;b35ff087-54ab-462b-808d-6af342098f17;1;winner_r1;winner;6;c7743da4-e884-4000-a390-b059964113b6;3c2a3fa2-584c-4153-9528-26bd8316fb7c;5;4;c7743da4-e884-4000-a390-b059964113b6;1;[];0;0;"{""team_id"":""c7743da4-e884-4000-a390-b059964113b6"",""type"":""team""}";"{""team_id"":""3c2a3fa2-584c-4153-9528-26bd8316fb7c"",""type"":""team""}";;;false;5;completed;;6;08:00;2026-01-22 11:45:24.585819+00;2026-01-22 12:00:28.969555+00
8c424fd6-c2d7-4a1e-b01d-9997f6733126;4ddc016c-101f-4bb1-a20b-1012abc15ead;7;final;single;1;208b1f15-f64f-44d8-aab9-0adf53d2ec4e;c09681ed-9d08-4206-86de-fd2f704fd201;0;3;;5;[];0;0;"{""match_index"":0,""round"":6,""type"":""winner_of""}";"{""match_index"":1,""round"":6,""type"":""winner_of""}";"{""type"":""CHAMPION""}";"{""type"":""ELIMINATED""}";false;52;live;;;;2026-01-22 09:09:23.535646+00;2026-01-22 13:11:04.622683+00
fe1cda7f-7c87-46b2-98f5-ef4833bce9a0;b35ff087-54ab-462b-808d-6af342098f17;1;winner_r1;winner;27;46c4a454-3435-4471-82f9-70256ca64f42;883a97fe-2b72-4fbc-ae2f-fc7315a7e3c3;1;11;883a97fe-2b72-4fbc-ae2f-fc7315a7e3c3;1;[];0;0;"{""team_id"":""46c4a454-3435-4471-82f9-70256ca64f42"",""type"":""team""}";"{""team_id"":""883a97fe-2b72-4fbc-ae2f-fc7315a7e3c3"",""type"":""team""}";;;false;26;completed;;7;08:40;2026-01-22 11:45:24.585819+00;2026-01-22 12:02:34.098062+00
324f1bbd-b727-4ba8-807d-0a62c1fd2492;b35ff087-54ab-462b-808d-6af342098f17;1;winner_r1;winner;9;06e7a186-1f96-4a15-9278-39b42038d7bf;84fd8aa5-594c-428b-9c01-88a49202fcc0;11;5;06e7a186-1f96-4a15-9278-39b42038d7bf;1;[];0;0;"{""team_id"":""06e7a186-1f96-4a15-9278-39b42038d7bf"",""type"":""team""}";"{""team_id"":""84fd8aa5-594c-428b-9c01-88a49202fcc0"",""type"":""team""}";;;false;8;completed;;9;08:00;2026-01-22 11:45:24.585819+00;2026-01-22 12:00:56.385017+00
17c6f196-288a-44c8-ae96-89f21b2feb11;b35ff087-54ab-462b-808d-6af342098f17;1;winner_r1;winner;10;9597ca0d-f68d-4827-a3dd-56f4279eb64c;3a0c9c3c-9753-467a-8d46-4bd0e25c28b0;8;11;3a0c9c3c-9753-467a-8d46-4bd0e25c28b0;1;[];0;0;"{""team_id"":""9597ca0d-f68d-4827-a3dd-56f4279eb64c"",""type"":""team""}";"{""team_id"":""3a0c9c3c-9753-467a-8d46-4bd0e25c28b0"",""type"":""team""}";;;false;9;completed;;10;08:00;2026-01-22 11:45:24.585819+00;2026-01-22 12:01:00.975623+00
5fb68aef-690c-4253-a330-f1e2df962b62;b35ff087-54ab-462b-808d-6af342098f17;1;winner_r1;winner;11;3428d96f-0ea0-4561-9cbc-e27c30666b22;e3522831-b2f5-40c1-82d3-c6e5d8f5473d;7;11;e3522831-b2f5-40c1-82d3-c6e5d8f5473d;1;[];0;0;"{""team_id"":""3428d96f-0ea0-4561-9cbc-e27c30666b22"",""type"":""team""}";"{""team_id"":""e3522831-b2f5-40c1-82d3-c6e5d8f5473d"",""type"":""team""}";;;false;10;completed;;1;08:20;2026-01-22 11:45:24.585819+00;2026-01-22 12:01:06.610618+00
e20e4850-7119-4735-8380-5fc500bee00d;b35ff087-54ab-462b-808d-6af342098f17;1;winner_r1;winner;12;8cf483b9-d784-49b7-ac32-a556f047fe7d;f302223e-fef0-43d3-9ed0-baae6ffdc645;2;11;f302223e-fef0-43d3-9ed0-baae6ffdc645;1;[];0;0;"{""team_id"":""8cf483b9-d784-49b7-ac32-a556f047fe7d"",""type"":""team""}";"{""team_id"":""f302223e-fef0-43d3-9ed0-baae6ffdc645"",""type"":""team""}";;;false;11;completed;;2;08:20;2026-01-22 11:45:24.585819+00;2026-01-22 12:01:11.14583+00
2709fb22-2c27-443c-a537-5cfb42ea2c66;b35ff087-54ab-462b-808d-6af342098f17;1;winner_r1;winner;13;cecd21bf-5505-4b7a-8447-5dc25cbe3dff;9f002683-dcf7-4e6c-b2b5-6ca503c8efb6;11;7;cecd21bf-5505-4b7a-8447-5dc25cbe3dff;1;[];0;0;"{""team_id"":""cecd21bf-5505-4b7a-8447-5dc25cbe3dff"",""type"":""team""}";"{""team_id"":""9f002683-dcf7-4e6c-b2b5-6ca503c8efb6"",""type"":""team""}";;;false;12;completed;;3;08:20;2026-01-22 11:45:24.585819+00;2026-01-22 12:01:15.264921+00
56f3b156-8e90-443b-b46e-aa6c03561113;b35ff087-54ab-462b-808d-6af342098f17;2;loser_r2;loser;1;9f002683-dcf7-4e6c-b2b5-6ca503c8efb6;16ebbf8a-a39e-4b51-aa81-eb8190eeb0e7;11;0;9f002683-dcf7-4e6c-b2b5-6ca503c8efb6;1;[];0;0;"{""match_index"":12,""type"":""loser_of""}";"{""match_index"":0,""type"":""loser_of""}";;"{""type"":""ELIMINATED""}";false;28;completed;;9;08:40;2026-01-22 11:45:24.585819+00;2026-01-22 12:11:27.268202+00
6c9b885a-d65b-4c92-ac56-ece11a9e352e;b35ff087-54ab-462b-808d-6af342098f17;1;winner_r1;winner;14;25ade3b5-3ef7-4408-9310-8f9e7b5a95a4;a27814bb-608d-4cc7-a81a-4178ba6e8d4f;11;8;25ade3b5-3ef7-4408-9310-8f9e7b5a95a4;1;[];0;0;"{""team_id"":""25ade3b5-3ef7-4408-9310-8f9e7b5a95a4"",""type"":""team""}";"{""team_id"":""a27814bb-608d-4cc7-a81a-4178ba6e8d4f"",""type"":""team""}";;;false;13;completed;;4;08:20;2026-01-22 11:45:24.585819+00;2026-01-22 12:01:19.236423+00
bf4b0dd1-652c-4871-b3be-36086614e03a;b35ff087-54ab-462b-808d-6af342098f17;1;winner_r1;winner;15;2809d5ce-ecdb-47bb-a6d9-a499cff72715;a89bed37-c198-4378-b3e7-1d62955328dc;11;8;2809d5ce-ecdb-47bb-a6d9-a499cff72715;1;[];0;0;"{""team_id"":""2809d5ce-ecdb-47bb-a6d9-a499cff72715"",""type"":""team""}";"{""team_id"":""a89bed37-c198-4378-b3e7-1d62955328dc"",""type"":""team""}";;;false;14;completed;;5;08:20;2026-01-22 11:45:24.585819+00;2026-01-22 12:01:23.227987+00
e2628b10-2c0c-44d4-81db-dae484c01758;b35ff087-54ab-462b-808d-6af342098f17;1;winner_r1;winner;16;146d7c8c-ce99-4cb1-a0ba-ecca0afe2e6c;a2d90c10-89fb-423d-8d1a-b9bf8188fc10;11;4;146d7c8c-ce99-4cb1-a0ba-ecca0afe2e6c;1;[];0;0;"{""team_id"":""146d7c8c-ce99-4cb1-a0ba-ecca0afe2e6c"",""type"":""team""}";"{""team_id"":""a2d90c10-89fb-423d-8d1a-b9bf8188fc10"",""type"":""team""}";;;false;15;completed;;6;08:20;2026-01-22 11:45:24.585819+00;2026-01-22 12:01:27.247909+00
576019e6-4faa-41dd-a0c9-1a9fd847b6d9;b35ff087-54ab-462b-808d-6af342098f17;1;winner_r1;winner;17;2e33253e-7b82-4283-8794-00e819140327;2f1351c5-ed1f-4894-8451-7db7de38e201;11;2;2e33253e-7b82-4283-8794-00e819140327;1;[];0;0;"{""team_id"":""2e33253e-7b82-4283-8794-00e819140327"",""type"":""team""}";"{""team_id"":""2f1351c5-ed1f-4894-8451-7db7de38e201"",""type"":""team""}";;;false;16;completed;;7;08:20;2026-01-22 11:45:24.585819+00;2026-01-22 12:01:33.494625+00
1a62176a-246e-4b56-abed-1ecd45385516;b35ff087-54ab-462b-808d-6af342098f17;1;winner_r1;winner;18;8369bf9f-d2f9-492c-a215-1811adc8cfcb;836b89b8-667c-43f0-82a4-1b4893cd877c;2;11;836b89b8-667c-43f0-82a4-1b4893cd877c;1;[];0;0;"{""team_id"":""8369bf9f-d2f9-492c-a215-1811adc8cfcb"",""type"":""team""}";"{""team_id"":""836b89b8-667c-43f0-82a4-1b4893cd877c"",""type"":""team""}";;;false;17;completed;;8;08:20;2026-01-22 11:45:24.585819+00;2026-01-22 12:01:39.404769+00
01945e0e-b041-40e5-9414-a5d22cf0d6e1;b35ff087-54ab-462b-808d-6af342098f17;1;winner_r1;winner;19;66057748-332f-4b05-aad5-0b9aaac4ebc2;61ad22ff-e5c9-4d7a-aab3-8a9ef6048f10;11;4;66057748-332f-4b05-aad5-0b9aaac4ebc2;1;[];0;0;"{""team_id"":""66057748-332f-4b05-aad5-0b9aaac4ebc2"",""type"":""team""}";"{""team_id"":""61ad22ff-e5c9-4d7a-aab3-8a9ef6048f10"",""type"":""team""}";;;false;18;completed;;9;08:20;2026-01-22 11:45:24.585819+00;2026-01-22 12:01:43.089981+00
b43c7621-ba76-4d50-b44a-19c9a4d6549b;b35ff087-54ab-462b-808d-6af342098f17;1;winner_r1;winner;21;f61cfc24-ab05-405a-9ce3-8906412d4bb7;11d5101f-1ef7-43b3-898a-112f1edae8a2;11;3;f61cfc24-ab05-405a-9ce3-8906412d4bb7;1;[];0;0;"{""team_id"":""f61cfc24-ab05-405a-9ce3-8906412d4bb7"",""type"":""team""}";"{""team_id"":""11d5101f-1ef7-43b3-898a-112f1edae8a2"",""type"":""team""}";;;false;20;completed;;1;08:40;2026-01-22 11:45:24.585819+00;2026-01-22 12:01:53.419593+00
6b72ee65-f1c2-4cdf-a530-a614a67dbe8e;b35ff087-54ab-462b-808d-6af342098f17;1;winner_r1;winner;22;304bdedd-f33e-4da8-bc7c-1731b8eab041;03bf8fc6-9b82-4387-a561-5683496d6562;11;3;304bdedd-f33e-4da8-bc7c-1731b8eab041;1;[];0;0;"{""team_id"":""304bdedd-f33e-4da8-bc7c-1731b8eab041"",""type"":""team""}";"{""team_id"":""03bf8fc6-9b82-4387-a561-5683496d6562"",""type"":""team""}";;;false;21;completed;;2;08:40;2026-01-22 11:45:24.585819+00;2026-01-22 12:02:02.185827+00
0124c7b8-c636-4d97-8ad3-811806d6e70e;b35ff087-54ab-462b-808d-6af342098f17;1;winner_r1;winner;23;12e5bf56-fcea-4103-8527-ce03c08a6acf;26b0e839-20b4-4b65-88d6-50594b26bf0a;11;4;12e5bf56-fcea-4103-8527-ce03c08a6acf;1;[];0;0;"{""team_id"":""12e5bf56-fcea-4103-8527-ce03c08a6acf"",""type"":""team""}";"{""team_id"":""26b0e839-20b4-4b65-88d6-50594b26bf0a"",""type"":""team""}";;;false;22;completed;;3;08:40;2026-01-22 11:45:24.585819+00;2026-01-22 12:02:15.724127+00
16e9b08d-e01c-4e07-bc5c-d1197ab2a472;b35ff087-54ab-462b-808d-6af342098f17;1;winner_r1;winner;24;d1e21153-8736-42ee-83a7-d9c39569d58b;b26066d6-8f35-4dd2-bf56-53a36ce436d5;11;5;d1e21153-8736-42ee-83a7-d9c39569d58b;1;[];0;0;"{""team_id"":""d1e21153-8736-42ee-83a7-d9c39569d58b"",""type"":""team""}";"{""team_id"":""b26066d6-8f35-4dd2-bf56-53a36ce436d5"",""type"":""team""}";;;false;23;completed;;4;08:40;2026-01-22 11:45:24.585819+00;2026-01-22 12:02:19.675824+00
2906aa4e-7931-48f2-ab83-2fa19f3eb52f;b35ff087-54ab-462b-808d-6af342098f17;1;winner_r1;winner;25;050297c6-c655-4b4b-9787-c361bcc93a22;c2b8db61-04f4-4af2-ac54-fbcdebcf20d5;6;11;c2b8db61-04f4-4af2-ac54-fbcdebcf20d5;1;[];0;0;"{""team_id"":""050297c6-c655-4b4b-9787-c361bcc93a22"",""type"":""team""}";"{""team_id"":""c2b8db61-04f4-4af2-ac54-fbcdebcf20d5"",""type"":""team""}";;;false;24;completed;;5;08:40;2026-01-22 11:45:24.585819+00;2026-01-22 12:02:25.253+00
9a49e539-6d2f-452e-85ae-671dab0984ab;b35ff087-54ab-462b-808d-6af342098f17;1;winner_r1;winner;26;1475be7a-9969-4b63-a9e1-a7a0ab7a92d2;d29e0661-4ace-468b-ab19-7894f3482755;11;8;1475be7a-9969-4b63-a9e1-a7a0ab7a92d2;1;[];0;0;"{""team_id"":""1475be7a-9969-4b63-a9e1-a7a0ab7a92d2"",""type"":""team""}";"{""team_id"":""d29e0661-4ace-468b-ab19-7894f3482755"",""type"":""team""}";;;false;25;completed;;6;08:40;2026-01-22 11:45:24.585819+00;2026-01-22 12:02:29.933433+00
6881f24a-8c5a-4d35-9939-f0ffda1e92f0;b35ff087-54ab-462b-808d-6af342098f17;2;loser_r2;loser;2;d29e0661-4ace-468b-ab19-7894f3482755;70d28db2-7f70-45d9-85c7-0c6ee22ee52e;5;11;70d28db2-7f70-45d9-85c7-0c6ee22ee52e;1;[];0;0;"{""match_index"":25,""type"":""loser_of""}";"{""match_index"":7,""type"":""loser_of""}";;"{""type"":""ELIMINATED""}";false;29;completed;;10;08:40;2026-01-22 11:45:24.585819+00;2026-01-22 12:11:32.773473+00
0f03f791-8202-4da8-b9b8-26c1c933c048;b35ff087-54ab-462b-808d-6af342098f17;1;winner_r1;winner;28;f93fc8aa-a0ed-4b0d-ae0d-067dea8cc727;0107ea9d-dabe-4606-af89-7f9bad8c7df6;12;3;f93fc8aa-a0ed-4b0d-ae0d-067dea8cc727;1;[];0;0;"{""team_id"":""f93fc8aa-a0ed-4b0d-ae0d-067dea8cc727"",""type"":""team""}";"{""team_id"":""0107ea9d-dabe-4606-af89-7f9bad8c7df6"",""type"":""team""}";;;false;27;completed;;8;08:40;2026-01-22 11:45:24.585819+00;2026-01-22 12:07:53.92777+00
0e66a297-f7b3-468f-b194-e3eab360770e;b35ff087-54ab-462b-808d-6af342098f17;2;loser_r2;loser;12;8369bf9f-d2f9-492c-a215-1811adc8cfcb;8cf483b9-d784-49b7-ac32-a556f047fe7d;11;5;8369bf9f-d2f9-492c-a215-1811adc8cfcb;1;[];0;0;"{""match_index"":17,""type"":""loser_of""}";"{""match_index"":11,""type"":""loser_of""}";;"{""type"":""ELIMINATED""}";false;39;completed;;10;09:00;2026-01-22 11:45:24.585819+00;2026-01-22 12:12:15.77776+00
d0a254d6-30ce-4b64-83cd-f5db6702b1dc;b35ff087-54ab-462b-808d-6af342098f17;1;winner_r1;winner;8;70d28db2-7f70-45d9-85c7-0c6ee22ee52e;360a4f6a-5f1e-4255-8ab0-fb83f1e2d2c4;0;11;360a4f6a-5f1e-4255-8ab0-fb83f1e2d2c4;1;[];0;0;"{""team_id"":""70d28db2-7f70-45d9-85c7-0c6ee22ee52e"",""type"":""team""}";"{""team_id"":""360a4f6a-5f1e-4255-8ab0-fb83f1e2d2c4"",""type"":""team""}";;;false;7;completed;;8;08:00;2026-01-22 11:45:24.585819+00;2026-01-22 12:00:52.334737+00
06eb7ab6-b39e-47c1-ade9-fe21e6aee3e4;b35ff087-54ab-462b-808d-6af342098f17;2;loser_r2;loser;10;03bf8fc6-9b82-4387-a561-5683496d6562;5583a5db-36eb-45c4-9447-888925945e2a;11;4;03bf8fc6-9b82-4387-a561-5683496d6562;1;[];0;0;"{""match_index"":21,""type"":""loser_of""}";"{""match_index"":3,""type"":""loser_of""}";;"{""type"":""ELIMINATED""}";false;37;completed;;8;09:00;2026-01-22 11:45:24.585819+00;2026-01-22 12:12:08.76727+00
09819f9e-951b-4c26-8ebd-e292777b5b1d;b35ff087-54ab-462b-808d-6af342098f17;2;loser_r2;loser;6;9597ca0d-f68d-4827-a3dd-56f4279eb64c;a2d90c10-89fb-423d-8d1a-b9bf8188fc10;11;3;9597ca0d-f68d-4827-a3dd-56f4279eb64c;1;[];0;0;"{""match_index"":9,""type"":""loser_of""}";"{""match_index"":15,""type"":""loser_of""}";;"{""type"":""ELIMINATED""}";false;33;completed;;4;09:00;2026-01-22 11:45:24.585819+00;2026-01-22 12:11:51.705249+00
3072ea3c-8ff7-4983-91d4-ed03069fde8b;b35ff087-54ab-462b-808d-6af342098f17;2;loser_r2;loser;5;a89bed37-c198-4378-b3e7-1d62955328dc;2f1351c5-ed1f-4894-8451-7db7de38e201;11;9;a89bed37-c198-4378-b3e7-1d62955328dc;1;[];0;0;"{""match_index"":14,""type"":""loser_of""}";"{""match_index"":16,""type"":""loser_of""}";;"{""type"":""ELIMINATED""}";false;32;completed;;3;09:00;2026-01-22 11:45:24.585819+00;2026-01-22 12:11:46.721544+00
da5eb739-83da-4332-977c-1fad4faac31b;b35ff087-54ab-462b-808d-6af342098f17;2;loser_r2;loser;4;3428d96f-0ea0-4561-9cbc-e27c30666b22;d2a5abbd-81b5-49cd-99b7-927dfb65ef3f;11;3;3428d96f-0ea0-4561-9cbc-e27c30666b22;1;[];0;0;"{""match_index"":10,""type"":""loser_of""}";"{""match_index"":6,""type"":""loser_of""}";;"{""type"":""ELIMINATED""}";false;31;completed;;2;09:00;2026-01-22 11:45:24.585819+00;2026-01-22 12:11:42.305708+00
d3f3431d-61eb-4fce-8979-ccd780b6d86e;b35ff087-54ab-462b-808d-6af342098f17;2;loser_r2;loser;13;a27814bb-608d-4cc7-a81a-4178ba6e8d4f;3c2a3fa2-584c-4153-9528-26bd8316fb7c;11;4;a27814bb-608d-4cc7-a81a-4178ba6e8d4f;1;[];0;0;"{""match_index"":13,""type"":""loser_of""}";"{""match_index"":5,""type"":""loser_of""}";;"{""type"":""ELIMINATED""}";false;40;completed;;1;09:20;2026-01-22 11:45:24.585819+00;2026-01-22 12:12:19.809716+00
072a1683-b7fe-4abe-b8ea-f22bd6e071ec;b35ff087-54ab-462b-808d-6af342098f17;2;loser_r2;loser;7;7e9df7a3-f313-4ada-87a4-64ade452e747;46c4a454-3435-4471-82f9-70256ca64f42;11;4;7e9df7a3-f313-4ada-87a4-64ade452e747;1;[];0;0;"{""match_index"":1,""type"":""loser_of""}";"{""match_index"":26,""type"":""loser_of""}";;"{""type"":""ELIMINATED""}";false;34;completed;;5;09:00;2026-01-22 11:45:24.585819+00;2026-01-22 12:11:56.59776+00
d2abe050-4a4d-4446-b3a7-3f45f344d4f6;b35ff087-54ab-462b-808d-6af342098f17;1;winner_r1;winner;20;6801b19d-514f-45d1-a50b-c59b0a8883c6;388ed02c-e445-43de-b348-185810e64200;11;7;6801b19d-514f-45d1-a50b-c59b0a8883c6;1;[];0;0;"{""team_id"":""6801b19d-514f-45d1-a50b-c59b0a8883c6"",""type"":""team""}";"{""team_id"":""388ed02c-e445-43de-b348-185810e64200"",""type"":""team""}";;;false;19;completed;;10;08:20;2026-01-22 11:45:24.585819+00;2026-01-22 12:01:49.268607+00
5534fe5c-2a16-4aa2-b948-11b7dceafdd3;b35ff087-54ab-462b-808d-6af342098f17;2;loser_r2;loser;14;b26066d6-8f35-4dd2-bf56-53a36ce436d5;050297c6-c655-4b4b-9787-c361bcc93a22;11;5;b26066d6-8f35-4dd2-bf56-53a36ce436d5;1;[];0;0;"{""match_index"":23,""type"":""loser_of""}";"{""match_index"":24,""type"":""loser_of""}";;"{""type"":""ELIMINATED""}";false;41;completed;;2;09:20;2026-01-22 11:45:24.585819+00;2026-01-22 12:13:04.124881+00
4d46d8d7-47fb-46db-ac6c-bb4025a2da9e;b35ff087-54ab-462b-808d-6af342098f17;2;loser_r2;loser;11;0107ea9d-dabe-4606-af89-7f9bad8c7df6;11d5101f-1ef7-43b3-898a-112f1edae8a2;4;1;0107ea9d-dabe-4606-af89-7f9bad8c7df6;1;[];0;0;"{""match_index"":27,""type"":""loser_of""}";"{""match_index"":20,""type"":""loser_of""}";;"{""type"":""ELIMINATED""}";false;38;completed;;9;09:00;2026-01-22 11:45:24.585819+00;2026-01-22 12:12:12.518362+00
7425fda6-dae8-49b0-8e29-0dfb8152abfa;b35ff087-54ab-462b-808d-6af342098f17;3;merge_r3;merged;2;2ca903c0-1fd2-481e-a98a-e423775ad56f;ea1b591e-9cf8-44ed-a1bf-d45c7ff95347;4;0;2ca903c0-1fd2-481e-a98a-e423775ad56f;1;[];0;0;"{""match_index"":1,""round"":1,""type"":""winner_of""}";"{""match_index"":1,""round"":2,""type"":""winner_of""}";;"{""type"":""ELIMINATED""}";false;43;completed;;2;19:28;2026-01-22 11:45:24.585819+00;2026-01-22 12:14:49.367264+00
04fc8327-a6e0-4a12-839b-c5cdbdd92abf;b35ff087-54ab-462b-808d-6af342098f17;2;loser_r2;loser;8;1fc9cf56-762c-42f9-b0a1-d6d63648d3c2;6a4b50d1-5d3e-4fe7-964d-855513974b91;11;5;1fc9cf56-762c-42f9-b0a1-d6d63648d3c2;1;[];0;0;"{""match_index"":2,""type"":""loser_of""}";"{""match_index"":4,""type"":""loser_of""}";;"{""type"":""ELIMINATED""}";false;35;completed;;6;09:00;2026-01-22 11:45:24.585819+00;2026-01-22 12:12:00.731323+00
ba934ce3-6901-4bb3-a77c-2e85a83444ab;b35ff087-54ab-462b-808d-6af342098f17;3;merge_r3;merged;4;740a2272-9ba4-4114-8988-cb2f3638d517;0107ea9d-dabe-4606-af89-7f9bad8c7df6;0;4;0107ea9d-dabe-4606-af89-7f9bad8c7df6;1;[];0;0;"{""match_index"":3,""round"":1,""type"":""winner_of""}";"{""match_index"":3,""round"":2,""type"":""winner_of""}";;"{""type"":""ELIMINATED""}";false;45;completed;;4;19:28;2026-01-22 11:45:24.585819+00;2026-01-22 12:15:46.36817+00
1829773f-b287-44c0-a61d-ddeff47840db;b35ff087-54ab-462b-808d-6af342098f17;3;merge_r3;merged;3;c7743da4-e884-4000-a390-b059964113b6;3a0c9c3c-9753-467a-8d46-4bd0e25c28b0;4;3;c7743da4-e884-4000-a390-b059964113b6;1;[];0;0;"{""match_index"":2,""round"":1,""type"":""winner_of""}";"{""match_index"":2,""round"":2,""type"":""winner_of""}";;"{""type"":""ELIMINATED""}";false;44;completed;;3;19:28;2026-01-22 11:45:24.585819+00;2026-01-22 12:15:02.982984+00
9ac8beb2-17e5-41d1-98cc-48c864fdc00c;b35ff087-54ab-462b-808d-6af342098f17;3;merge_r3;merged;7;c0ea49c7-b6fe-473c-b4e8-b5c37b102efd;e3522831-b2f5-40c1-82d3-c6e5d8f5473d;8;0;c0ea49c7-b6fe-473c-b4e8-b5c37b102efd;1;[];0;0;"{""match_index"":6,""round"":1,""type"":""winner_of""}";"{""match_index"":6,""round"":2,""type"":""winner_of""}";;"{""type"":""ELIMINATED""}";false;48;completed;;7;19:28;2026-01-22 11:45:24.585819+00;2026-01-22 12:16:24.298307+00
ce232d57-4256-48a6-9084-e55a70d04e18;b35ff087-54ab-462b-808d-6af342098f17;3;merge_r3;merged;8;b26066d6-8f35-4dd2-bf56-53a36ce436d5;6801b19d-514f-45d1-a50b-c59b0a8883c6;7;0;b26066d6-8f35-4dd2-bf56-53a36ce436d5;1;[];0;0;"{""match_index"":7,""round"":1,""type"":""winner_of""}";"{""match_index"":7,""round"":2,""type"":""winner_of""}";;"{""type"":""ELIMINATED""}";false;49;completed;;8;19:28;2026-01-22 11:45:24.585819+00;2026-01-22 12:16:44.311766+00
d847d0d1-b026-458e-9ba6-dc4e12301ca4;b35ff087-54ab-462b-808d-6af342098f17;3;merge_r3;merged;9;70d28db2-7f70-45d9-85c7-0c6ee22ee52e;2809d5ce-ecdb-47bb-a6d9-a499cff72715;0;7;2809d5ce-ecdb-47bb-a6d9-a499cff72715;1;[];0;0;"{""match_index"":8,""round"":1,""type"":""winner_of""}";"{""match_index"":8,""round"":2,""type"":""winner_of""}";;"{""type"":""ELIMINATED""}";false;50;completed;;9;19:28;2026-01-22 11:45:24.585819+00;2026-01-22 12:16:49.263158+00
74ed51e8-fb6a-41e6-bb7d-86192e6227ed;b35ff087-54ab-462b-808d-6af342098f17;3;merge_r3;merged;10;d1e21153-8736-42ee-83a7-d9c39569d58b;25ade3b5-3ef7-4408-9310-8f9e7b5a95a4;18;0;d1e21153-8736-42ee-83a7-d9c39569d58b;1;[];0;0;"{""match_index"":9,""round"":1,""type"":""winner_of""}";"{""match_index"":9,""round"":2,""type"":""winner_of""}";;"{""type"":""ELIMINATED""}";false;51;completed;;10;19:28;2026-01-22 11:45:24.585819+00;2026-01-22 12:17:15.402887+00
5d636e26-c555-40ba-9b05-5b669a672ed4;b35ff087-54ab-462b-808d-6af342098f17;3;merge_r3;merged;1;cecd21bf-5505-4b7a-8447-5dc25cbe3dff;1475be7a-9969-4b63-a9e1-a7a0ab7a92d2;0;4;1475be7a-9969-4b63-a9e1-a7a0ab7a92d2;1;[];0;0;"{""match_index"":0,""round"":1,""type"":""winner_of""}";"{""match_index"":0,""round"":2,""type"":""winner_of""}";;"{""type"":""ELIMINATED""}";false;42;completed;;1;19:28;2026-01-22 11:45:24.585819+00;2026-01-22 12:14:24.85721+00
041b1695-5089-4249-9233-124cf2223188;b35ff087-54ab-462b-808d-6af342098f17;2;loser_r2;loser;3;61ad22ff-e5c9-4d7a-aab3-8a9ef6048f10;388ed02c-e445-43de-b348-185810e64200;11;6;61ad22ff-e5c9-4d7a-aab3-8a9ef6048f10;1;[];0;0;"{""match_index"":18,""type"":""loser_of""}";"{""match_index"":19,""type"":""loser_of""}";;"{""type"":""ELIMINATED""}";false;30;completed;;1;09:00;2026-01-22 11:45:24.585819+00;2026-01-22 12:11:36.948699+00
067f3a94-5978-4bc9-9e0b-9267e819813d;b35ff087-54ab-462b-808d-6af342098f17;2;loser_r2;loser;9;84fd8aa5-594c-428b-9c01-88a49202fcc0;26b0e839-20b4-4b65-88d6-50594b26bf0a;11;3;84fd8aa5-594c-428b-9c01-88a49202fcc0;1;[];0;0;"{""match_index"":8,""type"":""loser_of""}";"{""match_index"":22,""type"":""loser_of""}";;"{""type"":""ELIMINATED""}";false;36;completed;;7;09:00;2026-01-22 11:45:24.585819+00;2026-01-22 12:12:04.824893+00
b2de07d4-27cd-47e8-b5cf-de5b7588e704;b35ff087-54ab-462b-808d-6af342098f17;3;merge_r3;merged;5;61ad22ff-e5c9-4d7a-aab3-8a9ef6048f10;c2b8db61-04f4-4af2-ac54-fbcdebcf20d5;6;0;61ad22ff-e5c9-4d7a-aab3-8a9ef6048f10;1;[];0;0;"{""match_index"":4,""round"":1,""type"":""winner_of""}";"{""match_index"":4,""round"":2,""type"":""winner_of""}";;"{""type"":""ELIMINATED""}";false;46;completed;;5;19:28;2026-01-22 11:45:24.585819+00;2026-01-22 12:15:58.562962+00
a764e9c2-b59f-4a1f-8634-beb60ef9bbb7;b35ff087-54ab-462b-808d-6af342098f17;4;elimination;single;2;f302223e-fef0-43d3-9ed0-baae6ffdc645;2e33253e-7b82-4283-8794-00e819140327;0;6;2e33253e-7b82-4283-8794-00e819140327;1;[];0;0;"{""position"":2,""type"":""bracket_position""}";"{""position"":3,""type"":""bracket_position""}";;"{""type"":""ELIMINATED""}";false;53;completed;;2;19:32;2026-01-22 12:17:27.438989+00;2026-02-24 02:27:48.244254+00
08299131-ae9a-42ab-b749-544afd1e4a2b;b35ff087-54ab-462b-808d-6af342098f17;4;elimination;single;1;d1e21153-8736-42ee-83a7-d9c39569d58b;c7743da4-e884-4000-a390-b059964113b6;3;0;d1e21153-8736-42ee-83a7-d9c39569d58b;1;[];0;0;"{""position"":0,""type"":""bracket_position""}";"{""position"":1,""type"":""bracket_position""}";;"{""type"":""ELIMINATED""}";false;52;completed;;1;19:32;2026-01-22 12:17:27.438989+00;2026-02-24 02:25:36.120113+00
084c703e-0b3d-4343-98a5-b9422224c698;b35ff087-54ab-462b-808d-6af342098f17;4;elimination;single;6;2ca903c0-1fd2-481e-a98a-e423775ad56f;66057748-332f-4b05-aad5-0b9aaac4ebc2;6;8;;1;[];0;0;"{""position"":10,""type"":""bracket_position""}";"{""position"":11,""type"":""bracket_position""}";;"{""type"":""ELIMINATED""}";false;57;live;;6;19:32;2026-01-22 12:17:27.438989+00;2026-02-25 00:39:18.685827+00
d283894b-1a71-4d7d-93b5-40e9221cafeb;b35ff087-54ab-462b-808d-6af342098f17;4;elimination;single;4;146d7c8c-ce99-4cb1-a0ba-ecca0afe2e6c;8369bf9f-d2f9-492c-a215-1811adc8cfcb;0;5;;1;[];0;0;"{""position"":6,""type"":""bracket_position""}";"{""position"":7,""type"":""bracket_position""}";;"{""type"":""ELIMINATED""}";false;55;live;;4;19:32;2026-01-22 12:17:27.438989+00;2026-02-25 00:36:47.368107+00
1dbae6a4-06c0-4b72-bb0b-cbcdcfc71f81;b35ff087-54ab-462b-808d-6af342098f17;4;elimination;single;7;12e5bf56-fcea-4103-8527-ce03c08a6acf;883a97fe-2b72-4fbc-ae2f-fc7315a7e3c3;3;7;;1;[];0;0;"{""position"":12,""type"":""bracket_position""}";"{""position"":13,""type"":""bracket_position""}";;"{""type"":""ELIMINATED""}";false;58;live;;7;19:32;2026-01-22 12:17:27.438989+00;2026-02-25 00:40:24.029704+00
f33b2555-6a15-4d95-975f-69f5f3974001;b35ff087-54ab-462b-808d-6af342098f17;3;merge_r3;merged;6;db26f6b1-9562-4050-8fd4-302002f0d953;a89bed37-c198-4378-b3e7-1d62955328dc;0;8;a89bed37-c198-4378-b3e7-1d62955328dc;1;[];0;0;"{""match_index"":5,""round"":1,""type"":""winner_of""}";"{""match_index"":5,""round"":2,""type"":""winner_of""}";;"{""type"":""ELIMINATED""}";false;47;completed;;6;19:28;2026-01-22 11:45:24.585819+00;2026-01-22 12:16:09.884475+00
dc93fc0b-c377-42ee-a69b-f9a471d9c5cb;b35ff087-54ab-462b-808d-6af342098f17;4;elimination;single;8;2809d5ce-ecdb-47bb-a6d9-a499cff72715;1475be7a-9969-4b63-a9e1-a7a0ab7a92d2;0;0;;1;[];0;0;"{""position"":14,""type"":""bracket_position""}";"{""position"":15,""type"":""bracket_position""}";;"{""type"":""ELIMINATED""}";false;59;pending;;8;19:32;2026-01-22 12:17:27.438989+00;2026-01-22 12:17:27.438989+00
523fd0b6-1924-463a-93be-7ae4fbae0fe4;b35ff087-54ab-462b-808d-6af342098f17;4;elimination;single;5;f93fc8aa-a0ed-4b0d-ae0d-067dea8cc727;a27814bb-608d-4cc7-a81a-4178ba6e8d4f;6;5;;1;[];0;0;"{""position"":8,""type"":""bracket_position""}";"{""position"":9,""type"":""bracket_position""}";;"{""type"":""ELIMINATED""}";false;56;live;;5;19:32;2026-01-22 12:17:27.438989+00;2026-02-25 00:38:59.730329+00
b2a672f6-60f5-46aa-9835-dcbd905e846b;b35ff087-54ab-462b-808d-6af342098f17;4;elimination;single;3;a89bed37-c198-4378-b3e7-1d62955328dc;03bf8fc6-9b82-4387-a561-5683496d6562;5;2;a89bed37-c198-4378-b3e7-1d62955328dc;1;[];0;0;"{""position"":4,""type"":""bracket_position""}";"{""position"":5,""type"":""bracket_position""}";;"{""type"":""ELIMINATED""}";false;54;completed;;3;19:32;2026-01-22 12:17:27.438989+00;2026-02-24 02:29:38.434177+00
1c0b437e-9f5f-49bd-b87a-e3e7796b26d5;b35ff087-54ab-462b-808d-6af342098f17;4;elimination;single;10;7e9df7a3-f313-4ada-87a4-64ade452e747;304bdedd-f33e-4da8-bc7c-1731b8eab041;0;0;;1;[];0;0;"{""position"":18,""type"":""bracket_position""}";"{""position"":19,""type"":""bracket_position""}";;"{""type"":""ELIMINATED""}";false;61;pending;;10;19:32;2026-01-22 12:17:27.438989+00;2026-01-22 12:17:27.438989+00
2e04672e-cd30-4481-a17b-d39e3baf6aee;b35ff087-54ab-462b-808d-6af342098f17;4;elimination;single;12;3428d96f-0ea0-4561-9cbc-e27c30666b22;9597ca0d-f68d-4827-a3dd-56f4279eb64c;0;0;;1;[];0;0;"{""position"":22,""type"":""bracket_position""}";"{""position"":23,""type"":""bracket_position""}";;"{""type"":""ELIMINATED""}";false;63;pending;;2;19:52;2026-01-22 12:17:27.438989+00;2026-01-22 12:17:27.438989+00
bb66a478-ad87-4ed6-a293-2d53cda0d4cf;b35ff087-54ab-462b-808d-6af342098f17;4;elimination;single;13;b26066d6-8f35-4dd2-bf56-53a36ce436d5;f61cfc24-ab05-405a-9ce3-8906412d4bb7;0;0;;1;[];0;0;"{""position"":24,""type"":""bracket_position""}";"{""position"":25,""type"":""bracket_position""}";;"{""type"":""ELIMINATED""}";false;64;pending;;3;19:52;2026-01-22 12:17:27.438989+00;2026-01-22 12:17:27.438989+00
509d67fe-55d5-439f-b53e-9f081d2fb7b1;b35ff087-54ab-462b-808d-6af342098f17;4;elimination;single;14;84fd8aa5-594c-428b-9c01-88a49202fcc0;c0ea49c7-b6fe-473c-b4e8-b5c37b102efd;0;0;;1;[];0;0;"{""position"":26,""type"":""bracket_position""}";"{""position"":27,""type"":""bracket_position""}";;"{""type"":""ELIMINATED""}";false;65;pending;;4;19:52;2026-01-22 12:17:27.438989+00;2026-01-22 12:17:27.438989+00
242abca0-5562-4751-9947-b3ededc51afe;b35ff087-54ab-462b-808d-6af342098f17;4;elimination;single;15;1fc9cf56-762c-42f9-b0a1-d6d63648d3c2;360a4f6a-5f1e-4255-8ab0-fb83f1e2d2c4;0;0;;1;[];0;0;"{""position"":28,""type"":""bracket_position""}";"{""position"":29,""type"":""bracket_position""}";;"{""type"":""ELIMINATED""}";false;66;pending;;5;19:52;2026-01-22 12:17:27.438989+00;2026-01-22 12:17:27.438989+00
99d94a12-2887-48e9-97ca-6a07d8070334;b35ff087-54ab-462b-808d-6af342098f17;4;elimination;single;16;9f002683-dcf7-4e6c-b2b5-6ca503c8efb6;61ad22ff-e5c9-4d7a-aab3-8a9ef6048f10;0;0;;1;[];0;0;"{""position"":30,""type"":""bracket_position""}";"{""position"":31,""type"":""bracket_position""}";;"{""type"":""ELIMINATED""}";false;67;pending;;6;19:52;2026-01-22 12:17:27.438989+00;2026-01-22 12:17:27.438989+00
837d07b3-2228-403c-bb7f-760149e312ee;b35ff087-54ab-462b-808d-6af342098f17;5;elimination;single;3;;;0;0;;1;[];0;0;"{""match_index"":4,""round"":4,""type"":""winner_of""}";"{""match_index"":5,""round"":4,""type"":""winner_of""}";;"{""type"":""ELIMINATED""}";false;70;pending;;;;2026-01-22 12:17:27.438989+00;2026-01-22 12:17:27.438989+00
b8c98f25-d46e-4bab-8f3d-99adc3dd873f;b35ff087-54ab-462b-808d-6af342098f17;5;elimination;single;4;;;0;0;;1;[];0;0;"{""match_index"":6,""round"":4,""type"":""winner_of""}";"{""match_index"":7,""round"":4,""type"":""winner_of""}";;"{""type"":""ELIMINATED""}";false;71;pending;;;;2026-01-22 12:17:27.438989+00;2026-01-22 12:17:27.438989+00
7b5c423d-8e23-43ec-9cf3-15e76dbfce7a;b35ff087-54ab-462b-808d-6af342098f17;5;elimination;single;5;;;0;0;;1;[];0;0;"{""match_index"":8,""round"":4,""type"":""winner_of""}";"{""match_index"":9,""round"":4,""type"":""winner_of""}";;"{""type"":""ELIMINATED""}";false;72;pending;;;;2026-01-22 12:17:27.438989+00;2026-01-22 12:17:27.438989+00
73c75b7b-27aa-4aa4-9dff-644330616d2d;b35ff087-54ab-462b-808d-6af342098f17;5;elimination;single;7;;;0;0;;1;[];0;0;"{""match_index"":12,""round"":4,""type"":""winner_of""}";"{""match_index"":13,""round"":4,""type"":""winner_of""}";;"{""type"":""ELIMINATED""}";false;74;pending;;;;2026-01-22 12:17:27.438989+00;2026-01-22 12:17:27.438989+00
d73aca2b-9d87-44ea-8a8e-1cfa253c0e57;b35ff087-54ab-462b-808d-6af342098f17;5;elimination;single;8;;;0;0;;1;[];0;0;"{""match_index"":14,""round"":4,""type"":""winner_of""}";"{""match_index"":15,""round"":4,""type"":""winner_of""}";;"{""type"":""ELIMINATED""}";false;75;pending;;;;2026-01-22 12:17:27.438989+00;2026-01-22 12:17:27.438989+00
3feadb59-9f8d-4921-9381-8ef7501aeed6;b35ff087-54ab-462b-808d-6af342098f17;6;quarterfinal;single;1;;;0;0;;1;[];0;0;"{""match_index"":0,""round"":5,""type"":""winner_of""}";"{""match_index"":1,""round"":5,""type"":""winner_of""}";;"{""type"":""ELIMINATED""}";false;76;pending;;;;2026-01-22 12:17:27.438989+00;2026-01-22 12:17:27.438989+00
6562aec6-ad9a-4594-a0e7-bd6c029fd740;b35ff087-54ab-462b-808d-6af342098f17;6;quarterfinal;single;2;;;0;0;;1;[];0;0;"{""match_index"":2,""round"":5,""type"":""winner_of""}";"{""match_index"":3,""round"":5,""type"":""winner_of""}";;"{""type"":""ELIMINATED""}";false;77;pending;;;;2026-01-22 12:17:27.438989+00;2026-01-22 12:17:27.438989+00
b76ee997-c543-441c-8b51-129832b9eb5e;b35ff087-54ab-462b-808d-6af342098f17;6;quarterfinal;single;3;;;0;0;;1;[];0;0;"{""match_index"":4,""round"":5,""type"":""winner_of""}";"{""match_index"":5,""round"":5,""type"":""winner_of""}";;"{""type"":""ELIMINATED""}";false;78;pending;;;;2026-01-22 12:17:27.438989+00;2026-01-22 12:17:27.438989+00
74f85b3d-e729-4649-86fb-f286381aa376;b35ff087-54ab-462b-808d-6af342098f17;6;quarterfinal;single;4;;;0;0;;1;[];0;0;"{""match_index"":6,""round"":5,""type"":""winner_of""}";"{""match_index"":7,""round"":5,""type"":""winner_of""}";;"{""type"":""ELIMINATED""}";false;79;pending;;;;2026-01-22 12:17:27.438989+00;2026-01-22 12:17:27.438989+00
e5b11702-c108-498e-a3b5-824e082d15e2;b35ff087-54ab-462b-808d-6af342098f17;7;semifinal;single;1;;;0;0;;1;[];0;0;"{""match_index"":0,""round"":6,""type"":""winner_of""}";"{""match_index"":1,""round"":6,""type"":""winner_of""}";;"{""type"":""ELIMINATED""}";false;80;pending;;;;2026-01-22 12:17:27.438989+00;2026-01-22 12:17:27.438989+00
a20ae2f9-a314-426c-b769-10ffa1fbe762;b35ff087-54ab-462b-808d-6af342098f17;7;semifinal;single;2;;;0;0;;1;[];0;0;"{""match_index"":2,""round"":6,""type"":""winner_of""}";"{""match_index"":3,""round"":6,""type"":""winner_of""}";;"{""type"":""ELIMINATED""}";false;81;pending;;;;2026-01-22 12:17:27.438989+00;2026-01-22 12:17:27.438989+00
0452e41a-e524-43f2-9a55-3c7288813ce8;b35ff087-54ab-462b-808d-6af342098f17;8;final;single;1;;;0;0;;3;[];0;0;"{""match_index"":0,""round"":7,""type"":""winner_of""}";"{""match_index"":1,""round"":7,""type"":""winner_of""}";"{""type"":""CHAMPION""}";"{""type"":""ELIMINATED""}";false;82;pending;;;;2026-01-22 12:17:27.438989+00;2026-01-22 12:17:27.438989+00
529960ac-93aa-4816-8234-b7c2eb565a13;b35ff087-54ab-462b-808d-6af342098f17;5;elimination;single;2;a89bed37-c198-4378-b3e7-1d62955328dc;;0;0;;1;[];0;0;"{""match_index"":2,""round"":4,""type"":""winner_of""}";"{""match_index"":3,""round"":4,""type"":""winner_of""}";;"{""type"":""ELIMINATED""}";false;69;pending;;;;2026-01-22 12:17:27.438989+00;2026-02-24 02:29:39.486515+00
9c378d1a-5c29-4da4-9e05-603f0040757e;b35ff087-54ab-462b-808d-6af342098f17;4;elimination;single;9;0107ea9d-dabe-4606-af89-7f9bad8c7df6;836b89b8-667c-43f0-82a4-1b4893cd877c;0;7;;1;[];0;0;"{""position"":16,""type"":""bracket_position""}";"{""position"":17,""type"":""bracket_position""}";;"{""type"":""ELIMINATED""}";false;60;live;;9;19:32;2026-01-22 12:17:27.438989+00;2026-02-25 00:40:51.299218+00
6637351d-36bd-4e67-a6c6-fc7c51cf8ca4;b35ff087-54ab-462b-808d-6af342098f17;5;elimination;single;6;06e7a186-1f96-4a15-9278-39b42038d7bf;;0;0;;1;[];0;0;"{""match_index"":10,""round"":4,""type"":""winner_of""}";"{""match_index"":11,""round"":4,""type"":""winner_of""}";;"{""type"":""ELIMINATED""}";false;73;pending;;;;2026-01-22 12:17:27.438989+00;2026-03-13 00:52:07.684803+00
f723500d-dba7-469a-88fe-7d95724770cc;b35ff087-54ab-462b-808d-6af342098f17;4;elimination;single;11;6ab2aaad-9a77-477a-abbc-fd1dbb81e1d9;06e7a186-1f96-4a15-9278-39b42038d7bf;0;7;06e7a186-1f96-4a15-9278-39b42038d7bf;1;[];0;0;"{""position"":20,""type"":""bracket_position""}";"{""position"":21,""type"":""bracket_position""}";;"{""type"":""ELIMINATED""}";false;62;completed;;1;19:52;2026-01-22 12:17:27.438989+00;2026-03-13 00:52:06.517662+00