id;title;summary;source;source_url;published_at;status;created_at;show_on_home
7845d099-8cf7-4bc0-9f27-41761d3f982a;Nike hợp tác với Anna Leigh Waters: Xu hướng thời trang pickleball và quần vợt.;Thỏa thuận của Nike với tài năng pickleball Anna Leigh Waters nói gì về thời trang quần vợt - The Athletic The New York Times;Sports Business Journal;https://news.google.com/rss/articles/CBMisgFBVV95cUxNTU00SVU3bW1LWGk0Z2JUeGw3d0pJbGxWc2p1RENLVUFHZ1NRZGh5ejkzRHo5ZEdWOEFDWHh3M1BZX3dYQ2VTU0FBSVBsS2hjVVhTZW9ES2NrcGpyN21HVWFIaDJUdHI2QlhJUzBYR2NNMWRuUl93MnJab2ZrbHVwOVlQYzBoVWtUbGFWeGd0QWhidERIRzFtc2Q4clZHbFZzakM3b3BTYWdsdnR0dXRGT3RR?oc=5;2026-01-13 13:21:27+00;draft;2026-01-16 09:57:37.392213+00;false
17358438-b1ab-4d38-b1be-1239a094f946;Những câu chuyện đáng chú ý tại Giải vô địch Quốc gia Trong nhà Pickleball Central;Bài viết tập hợp các câu chuyện nổi bật tại Giải vô địch Quốc gia Trong nhà Pickleball Central diễn ra từ ngày 19 đến 25 tháng 1 năm 2026. Bài viết được soạn trước khi Carvana Masters kết thúc, vì vậy một số chi tiết có thể thay đổi theo kết quả từ California.;PPA Tour;https://ppatour.com/storylines-for-the-pickleball-central-indoor-national-championships-january-19-25-2026/;2026-01-15 20:33:17+00;draft;2026-01-16 14:42:36.835524+00;false
15495942-b22b-4184-b8f7-a85dfdb29ce0;Những điểm nổi bật tại giải Vô địch Pickleball trong nhà toàn quốc 2026;Bài viết nêu bật những tiêu điểm tại giải vô địch Pickleball trong nhà toàn quốc tổ chức từ ngày 19 đến 25 tháng 1 năm 2026. Lưu ý rằng các thông tin có thể thay đổi do tổ chức Carvana Masters chưa kết thúc.;PPA Tour;https://ppatour.com/storylines-for-the-pickleball-central-indoor-national-championships-january-19-25-2026/;2026-01-15 20:33:17+00;draft;2026-01-16 14:47:44.411243+00;false
de687042-5790-4501-b4cc-067e9a62c892;Những câu chuyện nổi bật tại Giải Vô địch Quốc gia Pickleball 2026;Bài viết chia sẻ về những câu chuyện đáng chú ý tại Giải Vô địch Quốc gia Pickleball 2026 (19-25/1), tổ chức tại Trung tâm. Bài viết bao gồm các nội dung chính: địa điểm, giải đấu, truyền hình, kết quả Đơn nam, Đơn nữ, Đôi nam nữ, Đôi nữ và Đôi nam.;PPA Tour;https://ppatour.com/storylines-for-the-pickleball-central-indoor-national-championships-january-19-25-2026/;2026-01-15 20:33:17+00;draft;2026-01-16 14:47:55.502385+00;false
b7bcc266-e169-41b2-b97a-4f98c9897f83;Cách đánh topspin drive như Ben Johns: 4 điểm mấu chốt để bóng nặng và ổn định;Bài trên Pickleball.com phân tích topspin drive theo phong cách Ben Johns: chuẩn bị vợt sớm, điểm chạm phía trước, quét lên theo quỹ đạo và giữ thăng bằng sau cú đánh. Hữu ích cho người muốn tăng độ xoáy nhưng vẫn kiểm soát.;Pickleball.com;https://pickleball.com/news/how-to-hit-a-topspin-drive-like-ben-johns;2026-02-01 08:29:03.972+00;published;2026-02-01 08:29:33.435557+00;false
8b9f53c3-76ee-41b3-ae8e-4333eb4dcc85;Thông tin vé và đăng ký cho các sự kiện PPA Tour 2025 & Major League Pickleball (MLP);Bài trên The Kitchen Pickle tổng hợp cách mua vé và đăng ký tham dự các chặng PPA Tour 2025 và sự kiện Major League Pickleball. Nội dung tập trung vào thời điểm mở bán/đăng ký, kênh đăng ký chính thức và các lưu ý cơ bản để người chơi, khán giả chuẩn bị trước.;The Kitchen Pickle;https://thekitchenpickle.com/blogs/news/tickets-registration-information-ppa-tour-major-league-pickleball;2026-02-01 08:33:02.707+00;published;2026-02-01 08:33:33.39235+00;false
58778170-0ca4-41c6-a814-a0ecf33f697c;Nhật ký tuyển thủ Will Howells: góc nhìn hậu trường mùa giải pickleball chuyên nghiệp;Bài trên APP đăng dạng “player blog” của Will Howells, chia sẻ trải nghiệm thi đấu và luyện tập, cảm nhận về giải đấu/đối thủ, cùng những điểm anh đang tập trung cải thiện. Nội dung phù hợp người theo dõi hệ thống giải pickleball chuyên nghiệp và fan của VĐV.;APP (Association of Pickleball Players);https://www.theapp.global/news/2025-player-blog-will-howells;2026-02-01 12:03:35.166+00;published;2026-02-01 12:04:08.355012+00;false
1d168815-7966-4a79-b9ea-b353d89fcb0e;MLP Cup Edward Jones: công bố thể thức vòng bảng và lịch thi đấu;MLP thông báo sự kiện Edward Jones MLP Cup (31/10–2/11) với vòng bảng rồi loại trực tiếp, quỹ thưởng 50.000 USD và cúp MLP Cup đầu tiên. Bài viết nêu cách chia bảng cho Premier/Challenger và lịch các trận.;Major League Pickleball;https://majorleaguepickleball.co/news/edward-jones-mlp-cup-pool-play-and-match-schedule-announced/;2026-02-01 12:06:37.773+00;published;2026-02-01 12:07:33.338577+00;false
ff8f53f2-463f-4155-951f-345bdcd478db;Kết quả Edward Jones MLP Cup: tóm tắt các trận và nhà vô địch;MLP tổng hợp kết quả Edward Jones MLP Cup: diễn biến vòng bảng, playoff và các cặp đấu quan trọng. Bài viết liệt kê kết quả theo hạng Premier/Challenger và trận chung kết để người hâm mộ tra cứu nhanh.;Major League Pickleball;https://majorleaguepickleball.co/news/edward-jones-mlp-cup-tournament-results/;2026-02-01 12:06:36.108+00;published;2026-02-01 12:07:35.219171+00;false
48c9b870-9498-4386-a4b5-cfc6d9314c52;MLP bắt tay Owl AI: hỗ trợ bắt biên tự động và cơ chế challenge mùa 2026;Major League Pickleball công bố hợp tác Owl AI để triển khai công nghệ gọi bóng tự động và hệ thống khiếu nại (challenge) trong mùa giải 2026, nhằm tăng tính công bằng và nhất quán trong trọng tài.;Major League Pickleball;https://majorleaguepickleball.co/news/major-league-pickleball-announces-partnership-with-sports-tech-company-owl-ai/;2026-02-01 12:06:34.545+00;published;2026-02-01 12:07:36.428912+00;false
93daf942-05e2-42fa-b37b-26169f99e328;Đội Brooklyn Pickleball Team bổ sung Tara & Hunter Fieri vào nhóm chủ sở hữu;MLP cho biết Brooklyn Pickleball Team bán một phần cổ phần cho Tara và Hunter Fieri. Thông báo nêu các chủ sở hữu hiện tại và xu hướng nhiều người nổi tiếng/athlete tham gia đầu tư vào các đội MLP.;Major League Pickleball;https://majorleaguepickleball.co/news/major-league-pickleballs-brooklyn-pickleball-team-adds-entrepreneurs-and-media-personalities-tara-and-hunter-fieri-to-ownership-group/;2026-02-01 12:06:32.783+00;published;2026-02-01 12:07:37.669907+00;false
ea858788-06dd-4525-8930-ddb546e05e50;MLP công bố lịch mùa 2026 (tháng 5–8) và mở bán vé phần lớn sự kiện;"MLP công bố lịch thi đấu mùa 2026, gồm các chặng tổ chức tại thị trường của đội, Mid-Season Tournament và playoff mở rộng. Vé được bán qua Tixr/Ticketmaster; bài viết kèm các điểm nhấn lịch và hoạt động cộng đồng.";Major League Pickleball;https://majorleaguepickleball.co/news/major-league-pickleball-announces-full-2026-may-august-season-schedule-majority-of-event-tickets-now-on-sale-via-tixr-and-ticketmaster/;2026-02-01 12:06:31.214+00;published;2026-02-01 12:07:39.351783+00;false
62ebeb0f-528c-4644-b879-e7e334d88216;Nhìn lại 5 năm Major League Pickleball (2021–2025): các cột mốc đáng chú ý;MLP điểm lại hành trình 5 năm phát triển: từ sự kiện đầu tiên với 8 đội đến các thay đổi về mô hình thi đấu, mở rộng quy mô và mức độ chuyên nghiệp hóa. Bài phù hợp người muốn nắm nhanh lịch sử và các mốc quan trọng.;Major League Pickleball;https://majorleaguepickleball.co/news/a-look-back-at-5-years-of-major-league-pickleball/;2026-02-01 12:06:29.416+00;published;2026-02-01 12:07:40.647737+00;false
73dfe142-08b9-4bdc-874f-6827c13553a8;MLP 2026: tóm tắt các thay đổi ở hạng Premier (draft, đội hình, luật thi đấu);MLP công bố loạt cập nhật cho hạng Premier mùa 2026: cách vận hành draft, quy định lineup/đăng ký đội hình và một số điều chỉnh cấu trúc thi đấu. Bài viết tổng hợp gọn các điểm cần biết trước khi mùa giải bắt đầu.;Major League Pickleball;https://majorleaguepickleball.co/news/summary-of-premier-level-competition-updates/;2026-02-01 12:06:24.244+00;published;2026-02-01 12:07:42.006977+00;false
df410e6f-1827-47e3-912f-00cfa3e4b658;Pro pickleball 2026: “chơi hỗn loạn” hay “chơi kỷ luật” sẽ lên ngôi?;Bài phân tích trên The Kitchen Pickle so sánh hai phong cách ở pro pickleball: lối chơi biến hóa/đẩy nhịp (chaos) và lối chơi kiểm soát, kỷ luật (order). Tác giả bàn xu hướng chiến thuật có thể chi phối mùa 2026.;The Kitchen Pickle;https://thekitchenpickle.com/blogs/news/pro-pickleball-strategy-play-style-2026-chaos-order;2026-02-01 12:06:16.074+00;published;2026-02-01 12:07:45.642095+00;false
5b8456ee-0b6a-4c5c-bb8c-36c85e009eb8;MLP 2026 Trade Window #1: cập nhật các thương vụ và mốc keeper/draft;MLP cập nhật các trade diễn ra trong Trade Window #1 (hạn 15/2) và nhắc các mốc quan trọng: công bố keeper, sau đó lấp roster qua Free Agency Draft. Bài viết liệt kê từng thương vụ để theo dõi nhanh.;Major League Pickleball;https://majorleaguepickleball.co/news/mlp-2026-trade-window-1-updates/;2026-02-01 12:06:22.698+00;published;2026-02-01 12:07:43.201335+00;false
80cb0545-7166-4c4a-ae19-6b89a16b573e;UPA-A giải thích khác biệt giữa cách kiểm tra vợt của họ và tiêu chuẩn USA Pickleball;The Kitchen Pickle tổng hợp thông tin UPA-A về phương pháp kiểm tra vợt/paddle và điểm khác so với chuẩn USA Pickleball. Nội dung tập trung vào cách đo/đánh giá hiệu năng và ý nghĩa đối với nhà sản xuất lẫn VĐV.;The Kitchen Pickle;https://thekitchenpickle.com/blogs/news/upaa-pickleball-2025-testing-data-usa-pickleball-paddle-standards;2026-02-01 12:06:16.625+00;published;2026-02-01 12:07:44.377793+00;false
cdbbbb1e-bfb7-4123-80ad-46af937dd554;Kỹ năng quan trọng ở vạch Kitchen mà hầu hết người chơi Pickleball đang thiếu;Bằng cách tấn công bóng trong không khí tại vạch Kitchen, bạn đang đánh cắp thời gian từ đối thủ và thay đổi động lực của cuộc chơi có lợi cho bạn.;The Dink Pickleball;https://www.thedinkpickleball.com/the-critical-kitchen-line-skill-most-rec-pickleball-players-are-missing/;2026-02-02 19:14:28+00;published;2026-02-03 10:01:51.032741+00;false
0598e698-8333-47c9-bc24-fb237c08d91f;Hai Chiến Lược Lob Tấn Công Mà Người Chơi Pickleball Lớn Tuổi Nên Biết;Khi bạn thực hiện một cú lob tấn công, bạn không chỉ đưa bóng qua đầu đối thủ mà còn tạo ra sự hỗn loạn và buộc họ vào vị trí yếu.;The Dink Pickleball;https://www.thedinkpickleball.com/two-offensive-lob-strategies-every-senior-pickleball-player-should-know/;2026-02-02 19:04:38+00;published;2026-02-03 10:04:30.680524+00;false
45b619a0-e7d6-4115-a5af-7be3a1bff135;Test Article;This is a test article;The Dink Pickleball;https://example.com/test;2026-02-03 10:00:00+00;draft;2026-02-03 10:01:08.37382+00;false
a027fa70-7a2b-4456-84b6-410d54d35bfa;"Session store: /Users/cm10/.openclaw/agents/main/sessions/sessions.json
Sessions listed: 1
Kind   Key";"Session store: /Users/cm10/.openclaw/agents/main/sessions/sessions.json
Sessions listed: 1
Kind   Key                        Age       Model          Tokens (ctx %)       Flags
direct agent:main:main            1m ago    MiniMax-M2.1   96k/200k (48%)       system id:a174c338-a6b1-4807-9ce3-ea4ce93fb";The Dink Pickleball;https://www.thedinkpickleball.com/the-critical-kitchen-line-skill-most-rec-pickleball-players-are-missing/;2026-02-02 19:14:28+00;draft;2026-02-03 10:01:20.518712+00;false
98ef6068-334a-4fba-9780-3fd3d113a70d;The 120/Life Dink Awards 2025 Winners — Player Categories;More than 10,000 people cast their ballots for pickleball's largest fan-choice awards -- here are your 2025 winners in the Player category.;The Dink Pickleball;https://www.thedinkpickleball.com/the-120-life-dink-awards-2025-winners-player-categories/;2026-02-03 19:27:37+00;published;2026-02-04 01:04:19.736878+00;false
f7141071-0b8f-4ea7-b8f4-b43e44288592;APP Kuala Lumpur Tournament Preview - The Dink Pickleball;Tomassi and Livornese Jr. did earn a gold medal in 2025, so they are favorites in this one. Prediction: Munro and Fu earn gold in their first tournament together.;The Dink Pickleball;https://www.thedinkpickleball.com/app-kuala-lumpur-tournament-preview/;2026-02-09 19:45:45.428+00;draft;2026-02-09 12:45:49.50666+00;false
226d28cc-a016-4f71-9f81-39422bd48fd3;Anna Leigh Waters' Signature Franklin Paddle Được Phê Duyệt Cho Thi Đấu Chuyên Nghiệp;Packed with tech, it's part of the C45 line and available for pre-order nowAlmost a month to the day after news broke ofher landmark deal with FranklinPickleball, Anna Leigh Waters' signature new paddle has been granted UPA-A approval, meaning it's now ready for pro action.The Au;The Dink Pickleball;https://www.thedinkpickleball.com/anna-leigh-waters-signature-franklin-paddle-the-aurelius-is-approved-for-pro-play/;2026-02-09 19:49:40.01+00;draft;2026-02-09 12:49:42.436535+00;false
2479714e-c134-4058-b2f5-6f1d12a5067b;New York Ra Mắt Chương Trình Pickleball Thanh Niên Đầu Tiên Được MLP Hỗ Trợ;Conquer Kids trở thành Chương trình Pickleball Trẻ em chính thức của Brooklyn Pickleball Team - sáng kiến phát triển trẻ em đầu tiên ở NYC được đội MLP hỗ trợ chính thức. Quan hệ đối tác, hậu thuẫn bởi JOOLA, vừa ra mắt với mục đích 🎯;The Dink Pickleball;https://www.thedinkpickleball.com/new-york-city-launches-first-ever-mlp-backed-youth-pickleball-program/;2026-02-09 19:56:35.061+00;published;2026-02-09 12:56:37.452281+00;false
8d1f7846-709b-4b25-ae66-c03015233e36;Anna Leigh Waters Đánh Bại Pat McAfee Trực Tiếp Trên ESPN;Kể từ khi ký thỏa thuận lịch sử với Nike, Anna Leigh Waters - vận động viên pickleball số 1 thế giới - đã có những khoảnh khắc văn hóa đại chúng chính thức. Đầu tiên là lời nhắc trong phần độc thoại của Jimmy Fallon trên The Tonight Show. Sau đó là các biển quảng cáo PPA với hình;The Dink Pickleball;https://www.thedinkpickleball.com/watch-the-clip-anna-leigh-waters-out-dinks-pat-mcafee-live-on-espn/;2026-02-09 20:01:25.906+00;published;2026-02-09 13:01:27.783214+00;false
b3c770df-2ee3-402b-adc6-d6b20ae73476;Tạo Lực Hiệu Quả Trong Pickleball Qua Xoay Người;Tin tức pickleball từ The Dink Pickleball. Xem chi tiết tại https://www.thedinkpickleball.com/generate-effortless-power-in-pickleball-through-proper-body-rotation/;The Dink Pickleball;https://www.thedinkpickleball.com/generate-effortless-power-in-pickleball-through-proper-body-rotation/;2026-02-10 08:07:26.035+00;published;2026-02-10 01:07:27.132403+00;false
7f8ed1bb-7dc9-4297-a0aa-76427332f00d;"PPA Tour - Câu chuyện & Dự đoán: Xem trước PPA Cape Coral Open
Tác giả: Erik Tice | Ngày 8 tháng 2 năm 2026 📅";"Đã hai tuần kể từ khi PPA National Indoor Championships kết thúc, và PPA Tour trở lại hành động tại Cape Coral, Florida. ""The Courts"" (trước đây là Lake Kennedy Racquet Center) tổ chức sự kiện từ 9-15/2/2026. Đây là chặng thứ 3 trong năm 2026. Đây là giải đầu tiên trong hai giải";The Dink Pickleball;https://www.thedinkpickleball.com/ppa-cape-coral-open-tournament-preview/;2026-02-10 08:02:58.056+00;published;2026-02-10 01:03:00.731469+00;false
d03a83c7-f373-485a-9283-610c46e0c6a2;Vợt signature của Anna Leigh Waters - Aurelius - Được Franklin phê duyệt cho thi đấu chuyên nghiệp ✨🏸;Gần một tháng sau thông báo thỏa thuận lịch sử với Franklin Pickleball, vợt signature mới của Anna Leigh Waters đã được UPA-A phê duyệt, sẵn sàng cho thi đấu chuyên nghiệp. Aurelius hiện đang đặt trước, giao hàng từ 1/3. Có 3 độ dày: 16mm, 14mm, 12.7mm - mẫu ALW sẽ dùng. 🏸✨;The Dink Pickleball;https://www.thedinkpickleball.com/anna-leigh-waters-signature-franklin-paddle-the-aurelius-is-approved-for-pro-play/;2026-02-10 08:03:24.435+00;published;2026-02-10 01:03:26.191525+00;false
42c3279d-2270-412e-8c54-20a4ec6a3b0c;NYC ra mắt Chương trình Pickleball Trẻ em đầu tiên được MLP hỗ trợ 🎉🏸;Conquer Kids trở thành Chương trình Pickleball Trẻ em chính thức của Brooklyn Pickleball Team - sáng kiến đầu tiên ở NYC được MLP hỗ trợ chính thức. Quan hệ đối tác với JOOLA vừa ra mắt, nhằm giới thiệu pickleball cho học sinh khắp hệ thống trường công lập NYC. 🏸🎯;The Dink Pickleball;https://www.thedinkpickleball.com/new-york-city-launches-first-ever-mlp-backed-youth-pickleball-program/;2026-02-10 08:03:43.179+00;published;2026-02-10 01:03:44.913947+00;false
979f64b1-61eb-4e41-a22b-86d365f3f8cf;Giveaway🎁 Đang Tặng Vợt Pickleball Tesla (Đúng Cái Đó)Tác giả: Luke Burton | Ngày 10/1/2026;Nếu bạn chớp mắt, bạn đã bỏ lỡ! Vợt Tesla Plaid Pickleball của Selkirk đã vào lịch sử - bán hết trong 3 giờ, tạo hàng ngàn meme và thị trường resale sôi động. Đợt 2 còn giới hạn hơn. Giá $350 😱;The Dink Pickleball;https://www.thedinkpickleball.com/were-giving-away-the-tesla-pickleball-paddle-yes-that-one/;2026-02-10 08:04:13.04+00;published;2026-02-10 01:04:15.211291+00;false
e96fdd8c-1ae4-45c0-82d3-aac698000f8e;"PPA Tour - Câu chuyện & Dự đoán: Xem trước PPA Cape Coral Open
Tác giả: Erik Tice | 8/2/2026 📅";Đã 2 tuần sau Giải Vô địch Trong nhà PPA, PPA Tour trở lại tại Cape Coral, Florida. The Courts tổ chức 9-15/2/2026. Đây là chặng thứ 3, mở đầu 2 giải liên tiếp. PPA Cape Coral Open là giải Open, giải thưởng 1000 PPA Points. Tất cả giải đều có vòng đấu progressive draws năm nay. 🏸;The Dink Pickleball;https://www.thedinkpickleball.com/ppa-cape-coral-open-tournament-preview/;2026-02-10 08:05:15.936+00;published;2026-02-10 01:05:17.491792+00;false
3a7e83a0-0bff-4f8f-b1cb-d767f768b21b;"APP Tour - Xem trước Giải Kuala Lumpur
Tác giả: Erik Tice | Ngày 8/2/2026 📅🏸";APP Tour và Global Pickleball Alliance khởi động năm 2026 tại Đông Nam Á. Giải 2026 Leapmotor APP Kuala Lumpur Open diễn ra 9-14/2 tại PLAYA Racquet Club @ PARC Subang. Giải Tier 1, giải thưởng ~$50,000 cho các chuyên gia. 🏆💰;The Dink Pickleball;https://www.thedinkpickleball.com/app-kuala-lumpur-tournament-preview/;2026-02-10 08:05:41.234+00;published;2026-02-10 01:05:42.289025+00;false
3799296c-d8b6-487d-af0d-e4b66fc4449c;"Major League Pickleball công bố định dạng mới 20 đội, kết thúc Challenger Level năm 2026
Tác giả: Erik Tice 🏸📢";Hai tuần trước, chúng tôi đã đưa tin về quy tắc thi đấu Major League Pickleball đầu tiên được công bố cho năm 2026. Và bây giờ, chúng tôi tiếp tục công bố cập nhật sau 2 tuần. 📰🏸;The Dink Pickleball;https://www.thedinkpickleball.com/major-league-pickleball-announces-new-20-team-format-end-of-challenger-level-in-2026/;2026-02-10 08:05:55.09+00;published;2026-02-10 01:05:56.662519+00;false
69bfdc94-1ad3-481a-b2b6-3e02f4139d65;"Cách Phòng thủ Bằng Hai Tay Giống Như Các Chuyên Gia Pickleball Hàng Đầu
Tác giả: The Dink Media Team | 9/2/2026 🎯🏸";Kyle Koszuta vừa chia sẻ bài masterclass về reset phòng thủ - dành cho ai đang gặp khó khăn khi bị đẩy lùi khỏi vạch kitchen. Trong video, Kyle hướng dẫn Tyler cách reset để bóng rơi nhẹ hoặc buộc đối thủ đánh lên, giúp bạn quay lại vị thế có lợi. 🎯🏸;The Dink Pickleball;https://www.thedinkpickleball.com/how-to-defend-with-two-hands-just-like-the-top-pickleball-pros/;2026-02-10 08:06:20.909+00;published;2026-02-10 01:06:21.994403+00;false
953561cd-1c71-4472-ac16-dde190893fd5;"Tạo Lực Dễ Dàng Trong Pickleball Bằng Xoay Người Đúng Cách
Tác giả: The Dink Media Team | 9/2/2026 💪🏸";Lực trong pickleball không đến từ cánh tay. Đó là điều chính từ bài học của Mari Humberg với Tanner Tomassi - thay đổi cuộc chơi cho những ai cảm thấy cú drive thiếu lực hoặc kết thúc điểm không đủ. Humberg - người chơi top 20 PPA - phân tích cách tạo lực dễ dàng qua xoay người đ;The Dink Pickleball;https://www.thedinkpickleball.com/generate-effortless-power-in-pickleball-through-proper-body-rotation/;2026-02-10 08:06:45.448+00;published;2026-02-10 01:06:46.569248+00;false
bc85beef-c67d-42a1-9c8c-464b0ce3bf91;"Bốn Thói Quen Nghiệp Dư Trong Pickleball Đang Phá Hỏng Trận Đấu Của Bạn
Tác giả: The Dink Media Team | 9/2/2026 🎯🏸";Trò chơi pickleball của bạn có thể tốt hơn bạn nghĩ, nhưng bốn thói quen nghiệp dư đang cản trở bạn tiến xa hơn. Jordan Briones - huấn luyện viên tại Briones Pickleball Academy - phân tích chính xác những gì đang phá hủy hiệu suất của bạn và cách khắc phục từng điểm trong video m;The Dink Pickleball;https://www.thedinkpickleball.com/four-amateur-pickleball-habits-sabotaging-your-game/;2026-02-10 08:07:16.855+00;published;2026-02-10 01:07:18.381432+00;false
e49d4b7a-b6b6-46cd-8d27-282389a8e413;PPA Cape Coral Open - Preview & Dự Đoán;Tin tức pickleball từ The Dink Pickleball. Xem chi tiết tại https://www.thedinkpickleball.com/ppa-cape-coral-open-tournament-preview/;The Dink Pickleball;https://www.thedinkpickleball.com/ppa-cape-coral-open-tournament-preview/;2026-02-10 08:07:21.156+00;published;2026-02-10 01:07:22.225761+00;false
a276fb17-31db-44eb-8e2e-47f6dd9a3be0;APP Kuala Lumpur Tournament Preview;Tin tức pickleball từ The Dink Pickleball. Xem chi tiết tại https://www.thedinkpickleball.com/app-kuala-lumpur-tournament-preview/;The Dink Pickleball;https://www.thedinkpickleball.com/app-kuala-lumpur-tournament-preview/;2026-02-10 08:07:22.349+00;published;2026-02-10 01:07:23.430874+00;false
7c802d24-b094-4af8-8dc3-f743d08bae7b;MLP Thông Báo Format Mới 20 Đội Năm 2026;Tin tức pickleball từ The Dink Pickleball. Xem chi tiết tại https://www.thedinkpickleball.com/major-league-pickleball-announces-new-20-team-format-end-of-challenger-level-in-2026/;The Dink Pickleball;https://www.thedinkpickleball.com/major-league-pickleball-announces-new-20-team-format-end-of-challenger-level-in-2026/;2026-02-10 08:07:23.575+00;published;2026-02-10 01:07:24.660681+00;false
22b154a8-0233-44f8-bcac-159b54b32fb1;Cách Phòng Thủ Với Hai Tay Như Top Pro Pickleball;Tin tức pickleball từ The Dink Pickleball. Xem chi tiết tại https://www.thedinkpickleball.com/how-to-defend-with-two-hands-just-like-the-top-pickleball-pros/;The Dink Pickleball;https://www.thedinkpickleball.com/how-to-defend-with-two-hands-just-like-the-top-pickleball-pros/;2026-02-10 08:07:24.787+00;published;2026-02-10 01:07:25.90445+00;false
0e4a076f-6d40-4404-aac0-2680f7de63db;4 Thói Quen Của Người Chơi Nghiệp Dư Làm Chậm Game;Tin tức pickleball từ The Dink Pickleball. Xem chi tiết tại https://www.thedinkpickleball.com/four-amateur-pickleball-habits-sabotaging-your-game/;The Dink Pickleball;https://www.thedinkpickleball.com/four-amateur-pickleball-habits-sabotaging-your-game/;2026-02-10 08:07:27.38+00;published;2026-02-10 01:07:28.457208+00;false
d7839148-561a-45ac-8f3d-c7d8afa3732d;MLP Công Bố Lịch Thi Đấu Các Đội Năm 2026;Tin tức pickleball từ The Dink Pickleball. Xem chi tiết tại https://www.thedinkpickleball.com/mlp-announces-individual-team-schedules/;The Dink Pickleball;https://www.thedinkpickleball.com/mlp-announces-individual-team-schedules/;2026-02-10 08:07:28.597+00;published;2026-02-10 01:07:29.682137+00;false
acf9c367-1ab9-4035-80b2-12ecb7cc5dc6;Anna Bright lập kỷ lục là cầu thủ pickleball đắt giá nhất;Anna Bright đã trở thành cầu thủ pickleball đắt giá nhất trong lịch sử khi được St. Louis Shock chọn với giá 1,23 triệu đô la trong một cuộc đấu giá căng thẳng. Bright bày tỏ sự hồi hộp khi xem diễn biến, so sánh cảm xúc của mình với việc nhảy bungee. Cô vui mừng trở lại đội Shock và hy vọng sẽ t...;pick news;https://pickleball.com/news/anna-bright-the-most-expensive-pickleball-player-ever;2026-02-28 00:00:00+00;published;2026-02-28 06:45:40.298381+00;false
ca778ef8-9c36-4384-8cc7-6b89793c21e3;3 Chiêu Đánh Putaway Không Thể Thiếu Trong Pickleball;Để tránh mất điểm dễ dàng trong pickleball, bạn cần nắm vững ba chiêu đánh putaway quan trọng: overhead smash, high forehand volley và swinging volley. Mỗi chiêu đánh yêu cầu kỹ thuật và cơ thể đúng vị trí, giúp tạo ra sức mạnh mà không cần phải đánh mạnh. Việc cải thiện cơ chế đánh sẽ giúp bạn d...;thedinkpickleball.com - tag/up-your-game;https://www.thedinkpickleball.com/what-is-a-putaway-shot-in-pickleball-3-shots-you-need/;2026-03-10 00:00:00+00;published;2026-03-11 00:18:01.866973+00;false
32e63768-59a0-4055-bf50-b7b85a86b5bb;James Ignatowich Chuyển Đến Trung Quốc Để Quản Lý Sản Xuất Vợt Pickleball;James Ignatowich, cựu vận động viên PPA và CEO của RPM, đã quyết định chuyển đến Trung Quốc để quản lý quy trình sản xuất vợt pickleball. Anh đã hoàn tất quá trình dọn dẹp tại Florida và hiện đang sống tại Trung Quốc để dễ dàng giám sát sản xuất và phát triển sản phẩm. Ignatowich cho rằng Trung Q...;thedinkpickleball.com;https://www.thedinkpickleball.com/rpm-pickleball-paddles-why-founder-james-ignatowich-is-moving-to-china/;2026-03-10 00:00:00+00;published;2026-03-11 00:18:29.566342+00;false
9d1749fb-f2c7-4030-9018-1cb82bf76d12;Những điểm nhấn tại PPA Texas vào thứ Ba;Giải đấu chính tại Veolia Texas Open bắt đầu vào thứ Ba với các trận đấu ở năm sự kiện chuyên nghiệp. Armaan Bhatia và Matthew Barlow sẽ trở lại thi đấu ở nội dung đơn nam, trong khi Catherine Parenteau và Dekel Bar cũng góp mặt sau khi vắng mặt ở Newport Beach. Đôi Len Yang/Collin Johns hy vọng ...;pickleball.com - news/all;https://pickleball.com/news/3-things-to-watch-for-on-tuesday-at-ppa-texas;2026-03-10 00:00:00+00;published;2026-03-11 00:18:49.721075+00;false
4eefb5ba-5da3-4925-b5ab-04907435526c;5 Mẹo Chọn Vợt Pickleball Hoàn Hảo Cho Người Chơi;Chuyên gia Zane Navratil chia sẻ 5 mẹo hữu ích cho người chơi nghiệp dư khi chọn vợt pickleball. Trước khi mua, cần xác định loại người chơi, hình dáng vợt và ngân sách. Hãy tránh mua vợt quá rẻ, học hỏi từ những người chơi chuyên nghiệp không có tài trợ, và chú ý đến các đánh giá từ người dùng. ...;thedinkpickleball.com - tag/up-your-game;https://www.thedinkpickleball.com/5-tips-to-choose-the-correct-pickleball-paddle-for-you/;2026-03-10 00:00:00+00;published;2026-03-11 00:19:30.826257+00;false
bdccbd13-f7d8-45b5-9937-7fd82d90f3b7;Anna Leigh Waters lần đầu ra mắt quốc tế tại giải MB Hanoi Cup;Anna Leigh Waters, 19 tuổi, sẽ tham gia giải MB Hanoi Cup, đánh dấu lần đầu tiên cô thi đấu quốc tế tại PPA Tour Asia, diễn ra từ ngày 1 tháng 4. Cô sẽ thi đấu đôi nữ với Anna Bright và đôi nam nữ với Ben Johns tại Hà Nội, Việt Nam. Sau giải đấu, Waters sẽ tổ chức một buổi hội thảo tại TP.HCM vào...;pickleball.com - news/all;https://pickleball.com/news/anna-leigh-waters-to-make-international-debut-at-ppa-tour-asias-mb-hanoi-cup;2026-03-11 00:00:00+00;published;2026-03-12 00:22:15.254214+00;false
34c66488-064b-4e93-9b34-e26b4543aace;Bí quyết thực hiện cú ATP trong pickleball như một chuyên gia;Cú ATP (Around-the-Post) là một cú đánh tấn công trong pickleball, tạo cơ hội ghi điểm cho người chơi. Mari Humberg, một huấn luyện viên pickleball, hướng dẫn cách thực hiện cú ATP từ cả hai bên sân và cách phòng thủ khi đối thủ thực hiện cú này. Điều quan trọng là sự kiên nhẫn, di chuyển đúng cá...;thedinkpickleball.com;https://www.thedinkpickleball.com/how-to-hit-atps-like-a-pickleball-pro/;2026-03-11 00:00:00+00;published;2026-03-12 00:22:34.087286+00;false
1448d64a-be9b-4bcd-a8f5-9a2489441fbe;5 Sai Lầm Cần Khắc Phục Trong Chiến Lược Chơi Pickleball;Bài viết chỉ ra năm sai lầm phổ biến trong chiến lược chơi pickleball mà người chơi ở mọi cấp độ thường mắc phải, từ việc không tôn trọng lưới đến chọn lựa cú đánh không rõ ràng. Hướng dẫn từ huấn luyện viên Tony Roig giúp người chơi nhận diện và khắc phục từng sai lầm, từ đó cải thiện tỉ lệ thắn...;thedinkpickleball.com;https://www.thedinkpickleball.com/fix-these-5-errors-in-your-pickleball-strategy/;2026-03-11 00:00:00+00;published;2026-03-12 00:22:59.762089+00;false
6df89015-1051-47c7-ac70-74294e3e4858;5 Bước Để Giấu Cú Đánh Tăng Tốc Trong Pickleball;Cú đánh tăng tốc là vũ khí nguy hiểm trong pickleball, nhưng chỉ hiệu quả khi đối thủ không thấy trước. Troy Akin, một huấn luyện viên pickleball, chia sẻ năm bước để giấu cú đánh này: giữ grip nhất quán, đồng bộ hóa chân, sử dụng backswing gọn gàng, duy trì vị trí vợt trung tính và thực hiện đún...;thedinkpickleball.com;https://www.thedinkpickleball.com/how-to-disguise-your-speed-up-shot-in-pickleball/;2026-03-11 00:00:00+00;published;2026-03-12 00:23:08.238792+00;false
2a7ea6af-7e73-4f14-87f2-485c9eac1bba;7 Chiến Thuật Thông Minh Giúp Bạn Ngừng Chơi Pickleball Phản Ứng;Để nâng cao tỷ lệ thắng trong pickleball, người chơi cần thực hiện bảy điều chỉnh chiến thuật thông minh. Những điều chỉnh này bao gồm việc chọn lựa cú đánh, kiểm soát áp lực, phát triển nhận thức về sân, cải thiện chiến lược cú đánh thứ ba, sử dụng vị trí chiến lược, đọc các thói quen của đối th...;thedinkpickleball.com;https://www.thedinkpickleball.com/7-high-iq-adjustments-to-stop-playing-reactive-pickleball/;2026-03-11 00:00:00+00;published;2026-03-12 00:23:16.235+00;false
f6ca2244-0367-47a1-b855-90a046349f5c;Nâng Cao Kỹ Năng Phát Bóng Pickleball Từ Cơ Bản Đến Đỉnh Cao;Để nâng cao kỹ năng phát bóng trong pickleball, người chơi cần bắt đầu từ những yếu tố cơ bản và dần nâng cao kỹ thuật qua 5 cấp độ. Từ việc chỉ cần đưa bóng vào sân, đến việc điều chỉnh vị trí, tốc độ và chiến thuật, mỗi cấp độ giúp người chơi trở nên điêu luyện hơn. Cuối cùng, việc làm chủ phát...;thedinkpickleball.com - tag/up-your-game;https://www.thedinkpickleball.com/how-to-upgrade-your-serve-from-basic-to-elite-in-5-levels/;2026-03-11 00:00:00+00;published;2026-03-12 00:23:37.866525+00;false
7832b514-cdfb-4e7b-bc8d-7704f84940e4;Ba cú đánh pickleball cần thiết cho người chơi giải trí;Jordan Briones từ Briones Pickleball đã chỉ ra ba cú đánh quan trọng giúp cải thiện kỹ năng chơi pickleball: cú lob, drop volley và ATP (đánh vòng qua cột). Cú lob giúp phòng thủ hiệu quả, drop volley hoàn thành điểm một cách tinh tế, và ATP là giải pháp cho những tình huống khó. Ba cú đánh này k...;thedinkpickleball.com;https://www.thedinkpickleball.com/three-pickleball-shots-every-recreational-player-must-learn/;2026-03-11 00:00:00+00;published;2026-03-12 00:23:57.670011+00;false
c8bdbf67-6022-4bd8-838b-dd54f8b21277;MLP và The Dink MiLP Khởi Động Giải Đấu Khu Vực Cho Người Chơi Nghiệp Dư;Major League Pickleball (MLP) và The Dink Minor League Pickleball (MiLP) đã công bố giải đấu khu vực mới dành cho người chơi nghiệp dư, diễn ra song song với các sự kiện MLP vào năm 2026. Các đội thi đấu theo định dạng nhóm, tạo cơ hội cho người chơi nghiệp dư tiếp cận môi trường chuyên nghiệp. N...;thedinkpickleball.com;https://www.thedinkpickleball.com/mlp-and-the-dink-milp-launch-regional-showdowns-bringing-amateur-team-play-to-pro-tour-stops/;2026-03-12 00:00:00+00;published;2026-03-13 00:11:42.443089+00;false
b29b1e6f-7c79-435f-8680-7205c22429a4;Paddle Pickleball Kỳ Quái Nhất Được USA Phê Duyệt;Paddle Kobo Thunder Infinity, được USA Pickleball phê duyệt vào ngày 5 tháng 3 năm 2026, gây ấn tượng với thiết kế độc đáo và giá 400 đô la. Sản phẩm này kết hợp giữa kỹ thuật hàng không và thiết kế đồ họa, mang lại hiệu suất tối ưu với cấu trúc carbon và hệ thống kênh khí ba lớp. Đây là một bước...;thedinkpickleball.com;https://www.thedinkpickleball.com/is-this-the-craziest-usap-approved-pickleball-paddle-yet/;2026-03-12 00:00:00+00;published;2026-03-13 00:12:04.952634+00;false
31669090-f9e4-408c-a2b3-110c686b852c;Pickleball Bùng Nổ Với 24,3 Triệu Người Chơi Tại Mỹ Năm 2025;Báo cáo mới nhất từ Hiệp hội Công nghiệp Thể thao và Thể hình (SFIA) cho biết có 24,3 triệu người Mỹ chơi pickleball trong năm 2025, tăng 22,8% so với năm trước. Môn thể thao này đang trở thành một trong những môn thể thao giải trí phổ biến nhất tại Mỹ nhờ tính dễ tiếp cận và yếu tố xã hội cao. S...;thekitchenpickle.com - blogs/news;https://thekitchenpickle.com/blogs/news/24-3-million-americans-played-pickleball-in-2025-sfia-report-says;2026-03-12 00:00:00+00;published;2026-03-13 00:12:36.764795+00;false
0b8a09dd-8cff-4a6d-9d09-34c30fdbdddc;Texas Open 2026: Giải đấu pickleball nhiều gió nhất lịch sử;Giải PPA Texas Open 2026 vừa qua đã diễn ra với những khoảnh khắc kịch tính và thời tiết cực kỳ gió mạnh. Ben Johns và Anna Leigh Waters đã giành chiến thắng ở các nội dung đôi nam và đôi nữ, trong khi Federico Staksrud và Anna Leigh Waters cũng tỏa sáng ở các nội dung đơn. Giải đấu đã để lại nhi...;thekitchenpickle.com - blogs/news;https://thekitchenpickle.com/blogs/news/2026-ppa-tour-texas-open-recap;2026-03-16 00:00:00+00;published;2026-03-17 01:11:53.294748+00;false
d19a7cf0-4b3d-4a96-a1b0-623c89f7d44f;Tổng hợp giao dịch sau kỳ draft Major League Pickleball 2026;Sau kỳ draft Major League Pickleball vào tháng 2, nhiều giao dịch quan trọng đã diễn ra, ảnh hưởng lớn đến các đội tranh chấp. Các giao dịch đáng chú ý bao gồm Columbus Sliders nhận Alix Truong, Carolina Hogs nhận Alli Phillips và Miami Pickleball Club nhận Isabella Dunlap. Các đội như Brooklyn P...;thekitchenpickle.com - blogs/news;https://thekitchenpickle.com/blogs/news/major-league-pickleball-2026-post-draft-trade-roundup;2026-03-16 00:00:00+00;published;2026-03-17 01:12:09.275465+00;false
7a9fc77e-2919-4c0d-b7b7-7418da22686a;5 Bài Học Quý Giá Từ Các Chuyên Gia Cho Người Chơi Pickleball Nghiệp Dư;Bài viết chỉ ra sự khác biệt lớn giữa cách chơi của các chuyên gia và người chơi nghiệp dư trong môn pickleball. Họ thường mắc phải những sai lầm như vội vàng tiến vào khu vực bếp, cố gắng làm quá nhiều với cú giao bóng, không đủ độ cao khi đánh bóng, không sử dụng đúng khu vực không giao bóng và...;thekitchenpickle.com - blogs/instruction;https://thekitchenpickle.com/blogs/instruction/5-things-amateur-pickleball-players-can-learn-from-pros;2026-03-16 00:00:00+00;published;2026-03-17 01:12:15.864097+00;false
70690996-ff38-4fd4-805d-d3da75537cc4;Cơ hội mới cho người chơi Pickleball: Khởi động DUPR Reset;Hôm nay, giai đoạn Reset của DUPR chính thức mở cửa, cho phép người chơi cập nhật xếp hạng của mình chỉ dựa trên kết quả trận đấu gần đây. Từ 16 tháng 3 đến 17 tháng 5 năm 2026, người chơi có thể đăng ký với mức phí 35 USD, tham gia ít nhất 8 trận và thi đấu với hai đối tác khác nhau. Đây là cơ h...;thedinkpickleball.com;https://www.thedinkpickleball.com/dupr-reset-is-live-heres-what-players-need-to-know/;2026-03-16 00:00:00+00;published;2026-03-17 01:12:21.857317+00;false
8360cce0-95b7-4180-b2c1-897f17755726;Ma trận Quyết Định: Khi Nào Tấn Công hoặc Đặt Lại Trong Pickleball;Bài viết giới thiệu một ma trận đơn giản giúp người chơi pickleball quyết định giữa việc tấn công hoặc đặt lại trong các tình huống khác nhau. Ma trận dựa trên hai yếu tố chính: vị trí trên sân và độ cao của bóng khi tiếp xúc. Các bài học quan trọng từ ma trận bao gồm: độ cao của bóng quyết định ...;thedinkpickleball.com - tag/up-your-game;https://www.thedinkpickleball.com/decision-matrix-when-to-attack-or-reset-in-pickleball/;2026-03-16 00:00:00+00;published;2026-03-17 01:12:28.098328+00;false
d0c16545-5504-4a3b-b378-7ef39aaced5c;Staksrud giành chức vô địch thứ hai trong năm 2026 sau màn lội ngược dòng ấn tượng;Federico Staksrud đã vượt qua khởi đầu chậm chạp để đánh bại Chris Haworth với tỷ số 2-11, 11-5, 11-5 tại Texas, giành chức vô địch thứ hai trong năm 2026. Mặc dù thua trong ván đầu, Staksrud đã điều chỉnh chiến thuật phù hợp với điều kiện gió, giúp anh giành chiến thắng ở hai ván tiếp theo. Zane...;pickleball.com - news/all;https://pickleball.com/news/staksrud-overcomes-slow-start-outlasts-haworth-in-three-games-for-second-title-of-2026;2026-03-15 00:00:00+00;published;2026-03-17 01:12:37.523936+00;false
5bcc7390-a0d9-449a-9fb6-f66bd5c2b2d4;Chọn Kích Thước Cán Vợt Pickleball Phù Hợp Để Tăng Cường Hiệu Suất;Kích thước cán vợt không chỉ ảnh hưởng đến cảm giác thoải mái mà còn là yếu tố quan trọng trong hiệu suất chơi pickleball. Cán vợt nhỏ giúp tăng cường chuyển động cổ tay nhưng có thể gây căng thẳng cho cẳng tay, trong khi cán lớn mang lại sự ổn định và giảm đau nhức. Việc thử nghiệm với kích thướ...;thedinkpickleball.com - tag/up-your-game;https://www.thedinkpickleball.com/how-to-choose-the-right-grip-size-for-your-pickleball-paddle/;2026-03-17 00:00:00+00;published;2026-03-18 01:01:50.364831+00;false
673b72e3-8f4a-465a-ae38-36d16f6b9d14;Hướng dẫn chọn hình dáng vợt Pickleball: Widebody, Hybrid và Elongated;"Bài viết phân tích ba hình dáng vợt pickleball: widebody, hybrid và elongated, giúp người chơi chọn lựa phù hợp với phong cách. Vợt widebody nhanh và dễ sử dụng nhưng hạn chế về tầm với; vợt elongated mang lại sức mạnh và tầm xa nhưng chậm hơn; vợt hybrid kết hợp ưu điểm của cả hai. Việc chọn vợt...";thedinkpickleball.com;https://www.thedinkpickleball.com/pickleball-paddle-shapes-explained-widebody-vs-hybrid-vs-elongated/;2026-03-17 00:00:00+00;published;2026-03-18 01:02:04.48011+00;false
840aa96b-ed8e-4793-a219-4e237e3dc4ab;Làm chủ cú đánh Forehand Speedup trong Pickleball;"Cú đánh forehand speedup là một vũ khí mạnh mẽ trong pickleball, giúp người chơi tạo ra những cuộc trao đổi nhanh chóng có lợi. Để thành công, người chơi cần nhận biết các tín hiệu như độ cao của bóng, nhịp độ và vị trí trên sân trước khi tấn công. Kỹ thuật ""coiling"" giúp tăng sức mạnh mà không l...";thedinkpickleball.com - tag/up-your-game;https://www.thedinkpickleball.com/forehand-speedup-master-the-winning-attack/;2026-03-25 00:00:00+00;published;2026-03-27 01:57:50.901346+00;false
043a29aa-b5fd-4746-91dd-169f7f6f34b5;Nâng cao kỹ thuật reset trong pickleball để kiểm soát trận đấu;Kỹ thuật reset trong pickleball không chỉ là sức mạnh mà còn là sự tinh tế, vị trí và góc đánh. Mari Humberg, một huấn luyện viên pickleball, đã chỉ ra ba điều chỉnh quan trọng giúp người chơi cải thiện cú đánh này: dừng lại việc vung vợt, giữ chân hoạt động và duy trì tư thế thấp. Bằng cách thực...;thedinkpickleball.com - tag/up-your-game;https://www.thedinkpickleball.com/pickleball-reset-master-the-transition-zone-shot/;2026-03-25 00:00:00+00;published;2026-03-27 01:58:25.312717+00;false
7bed6ca5-78ae-4c4c-bcc6-9167300215cc;5 Bí Quyết Để Nâng Cao Kỹ Năng Pickleball Từ 3.5 Lên 4.0+;Để nâng cao trình độ chơi pickleball từ 3.5 lên 4.0+, người chơi cần tập trung vào năm kỹ năng cốt lõi: hiệu quả, dự đoán, kiểm soát tốc độ, thiết lập lại điểm, và chuyển tiếp. Quy trình học hỏi nên được thực hiện tuần tự, bắt đầu từ việc cải thiện hiệu quả tay vợt, sau đó là khả năng đọc đối thủ...;thedinkpickleball.com - tag/up-your-game;https://www.thedinkpickleball.com/5-pickleball-skill-secrets-to-reach-4-0-fast/;2026-03-27 00:00:00+00;published;2026-03-29 12:17:44.118955+00;false
84ec9b70-dff3-457f-a4c1-14bc77cbb1a5;Cấm dùng vợt Proton trong thi đấu chuyên nghiệp, PPA xác nhận;Vợt Proton sẽ không còn được phép sử dụng trong các trận đấu chuyên nghiệp do công ty chưa giải quyết được các khoản nợ và bị tổ chức United Pickleball Association (UPA) cấm. Lệnh cấm có hiệu lực từ ngày 30 tháng 3 năm 2026, sau giải Greater Zion Cup. Người chơi hiện tại sử dụng vợt Proton cần tì...;thedinkpickleball.com;https://www.thedinkpickleball.com/proton-paddles-have-been-banned-from-pro-play-ppa-memo-confirms/;2026-03-27 00:00:00+00;published;2026-03-29 12:17:51.304679+00;false
cfc49f11-128a-409a-83c9-b8dfb50ea689;Bí quyết thực hiện cú đánh 3rd shot drop trong Pickleball;Cú đánh 3rd shot drop là một trong những cú đánh khó nhất trong pickleball, nhưng lại rất cần thiết cho những ai muốn trở thành người chơi nâng cao. Bài viết này cung cấp hướng dẫn chi tiết về kỹ thuật, vị trí và bài tập cần thiết để thực hiện cú đánh này một cách nhất quán. Điều quan trọng là gi...;thedinkpickleball.com - tag/up-your-game;https://www.thedinkpickleball.com/how-to-hit-a-3rd-shot-drop-in-pickleball/;2026-03-31 00:00:00+00;published;2026-04-01 00:18:14.036589+00;false
1a142154-0551-4f41-86b5-d0b19407d48f;5 Sai Lầm Thường Gặp Khi Đánh Drop Shot Trong Pickleball;Bài viết phân tích năm sai lầm phổ biến mà người chơi pickleball thường mắc phải khi thực hiện drop shot, từ việc không đứng đúng vị trí đến sử dụng quá nhiều lực tay. Sai lầm này làm cho cú đánh trở nên không nhất quán và kém hiệu quả. Bài viết cũng đề xuất các cách sửa đổi để cải thiện kỹ năng ...;thedinkpickleball.com - tag/up-your-game;https://www.thedinkpickleball.com/5-common-drop-shot-mistakes-in-pickleball/;2026-03-31 00:00:00+00;published;2026-04-01 00:18:21.775433+00;false
379f3b53-78b1-4123-8f12-9c5a3780cd9d;5 Mẹo Chơi Pickleball Giúp Khắc Phục 95% Lỗi Thường Gặp;"Các chuyên gia đã chỉ ra rằng nhiều lỗi trong pickleball không phải do thể lực mà do vị trí đứng. Năm mẹo từ các vận động viên hàng đầu giúp người chơi cải thiện kỹ thuật, bao gồm lý thuyết ""laser pointer"" để định vị vợt, điều chỉnh chiều cao vợt theo từng khu vực, chọn lựa cú đánh hợp lý, thực h...";thedinkpickleball.com - tag/up-your-game;https://www.thedinkpickleball.com/5-pro-pickleball-tips-that-fix-95-of-errors/;2026-03-31 00:00:00+00;published;2026-04-01 00:18:31.315323+00;false
b4998495-b394-4373-a9ce-9dae11cd0b78;Chiến thuật chống lại banger trong Pickleball: 5 cách hiệu quả;"Bài viết chia sẻ 5 chiến thuật từ vận động viên chuyên nghiệp Ava Ignatowich giúp người chơi đối phó với những đối thủ mạnh mẽ trong Pickleball. Những chiến thuật này bao gồm điều chỉnh tư thế sẵn sàng, chặn bóng thay vì đánh mạnh, đánh bóng xuống ở vạch ""kitchen"", luyện tập không đánh bóng không...";thedinkpickleball.com - tag/up-your-game;https://www.thedinkpickleball.com/how-to-beat-a-banger-strategy-in-picklebal/;2026-03-31 00:00:00+00;published;2026-04-01 00:18:39.921053+00;false